video_id	video_title	music_title
nLczfir8z1s	【けいおん!】ふわふわ時間　歌ってみた【童田明治＆樋口楓】	ふわふわ時間
dZm1HAILIHc	【歌ってみた】daze / じん ft.メイリア from GARNiDELiA 【樋口楓cover】	daze
pMI8wD9Di-k	【#にじさんじ1期生出身】僕たちはひとつの光 /μ's 【2周年記念/歌ってみた】	僕たちはひとつの光
kmte4HGJCdo	Q - 《楓刀京明雨葛》Cover	Q
V0njuvP7yPw	クラブ=マジェスティ／nyanyannya (cover by 楓アキ花咲リリ刀也ギル)	クラブ=マジェスティ
RsOBIlmCHqI	【歌ってみた】Cutie Panther【樋口楓 / 竜胆尊 / リゼ・ヘルエスタcover】	Cutie Panther
cvx4Tr3mWs8	CITRUS/Orangestar（covered by 樋口楓・鈴谷アキ）	CITRUS
O9I3boiujdE	シスターセクトルージュ ／nyanyannya (cover by 楓ギルリリ)	シスターセクトルージュ
j_s6y2MCfnc	【＃にじさんじ紅白応援合戦】紅白応援Vを13人で歌ってみた【オリジナルMV】	紅白応援V
V10UuEWM1k8	【歌ってみた】soldier game【リゼ・ヘルエスタ / 竜胆尊 / 樋口楓cover】	soldier game
a3VaMbXIPpI	【歌ってみた】シリウス / 藍井エイル【樋口楓cover】	シリウス
URLqCc3kimY	【けいおん!】Cagayake!GIRLS / 童田明治【歌ってみた】	Cagayake!GIRLS
FGmYCkvWNWw	エル・タンゴ・エゴイスタ／nyanyannya (cover by 楓アキ花咲リリ刀也ギル)	エル・タンゴ・エゴイスタ
KX6bXnU93t0	【歌ってみた】ただ君に晴れ  / ヨルシカ (covered by 樋口楓)	ただ君に晴れ
sMmMbYo8p1s	ヤンキーボーイ・ヤンキーガール -《楓刀京明千葛》Cover	ヤンキーボーイ・ヤンキーガール
5DfRzFrmHzQ	【歌ってみた】絶望レストラン【月ノ美兎・久遠千歳・雨森小夜・樋口楓cover】	絶望レストラン
Mxcklx9tOg4	【歌ってみた】偶然天使【月ノ美兎・静凛・える・勇気ちひろ・樋口楓cover】	偶然天使
KNi82VggtBo	【楓と美兎】ロキ【歌ってみた】	ロキ
I2mxW3EqsMc	【歌ってみた】ゾンビ・ディスコティーク【樋口楓cover】	ゾンビ・ディスコティーク
Ll6hc14i2dY	【ハナヤマタOP】花ハ踊レヤいろはにほを5人で歌ってみた【オリジナルMV】	花ハ踊レヤいろはにほ
r9Oiem71hfM	【歌ってみた】赤い罠(who loves it?) / LiSA【樋口楓cover】	赤い罠(who loves it?)
uzAYpvpqvMw	【歌ってみた】Blow out / 鈴木このみ【樋口楓cover】	Blow out
qge-EvTOzsk	【ロボ子さん×樋口楓】一心不乱【歌ってみた】	一心不乱
dWOdLydhO-E	【ロボ子さん×樋口楓】鬼KYOKAN【歌ってみた】	鬼KYOKAN
KlgMpBK4-os	【コラボ・第一弾！】「BOYS & GIRLS 3.0 feat. 樋口楓」 / キツネDJ	BOYS & GIRLS 3.0 feat. 樋口楓
m7Jw3a6W7ck	「だってアタシのヒーロー。」cover.樋口楓（Arranged by PandaBoY）【試聴動画】	だってアタシのヒーロー。
LhxFEWOoMgI	【5人で前夜祭】 バレンタイン・キッス 歌ってみた - 樋口楓×因幡はねる×響木アオ×シスター・クレア×YuNi	バレンタイン・キッス
n0da64FMiDM	【樋口楓×天神子兎音】打上花火 / DAOKO × 米津玄師【歌ってみた】	打上花火
N8K73cMLbAg	【天神子兎音×樋口楓】SEVENTH HAVEN／Tokyo 7th シスターズ【歌ってみた】	SEVENTH HAVEN
DxQVcC-yJV0	WINDING ROAD byおめがシスターズ×樋口楓【歌ってみた】	WINDING ROAD
v6u80eYSLvc	【ロボ子さん×樋口楓】Happy Halloween 【歌ってみた】	Happy Halloween
_cUTVL2Nj6o	【ロボ子さん×樋口楓】PLATONIC GIRL 【歌ってみた】	PLATONIC GIRL
vcU_AUayrio	夜咄ディセイブ / IA ( cover by かしこまり ＆ 樋口楓 )	夜咄ディセイブ
amPJ0FlBBZs	【樋口楓】ハイカラ浪漫【オリジナルMV】	ハイカラ浪漫
CICsAfQ6ke8	【にじさんじ】Mr.Music【歌ってみた！】	Mr.Music
nU07wXY1KIE	3/18発売「SMASH The PAINT!!」収録曲【『Only』樋口楓】公式ワンコーラスPV	Only
QPsDWfbDY2s	マジ卍【樋口楓オリジナル曲】	マジ卍
oZPHldP_mis	樋口楓 MARBLE -Music Video-	MARBLE
FEq136As5yc	ゲッカビジン【樋口楓オリジナル曲】	ゲッカビジン
VGbBhiJwKzY	Moment【樋口楓オリジナル曲】	Moment
Rq1A2O4h8AU	東京アセンション【樋口楓オリジナル曲】	東京アセンション
8qkdMTtoOfY	MapleStep【樋口楓オリジナル曲】	MapleStep
JYZ8GHutQ4I	虹のキセキ【樋口楓オリジナル曲】	虹のキセキ
N7UYzIQp_8I	11/27リリース！CD「にじさんじMusic MIX UP!!」より【Dive with me!!!】byJK組(月ノ美兎/静凛/樋口楓)	Dive with me!!!
Uiz_7RqPzyI	【月ノ美兎&樋口楓】アオハル【オリジナル曲】	アオハル
WwUP0TOOrbo	秋の笑い声【樋口楓オリジナル曲】	秋の笑い声
9YZKP3N9_9s	君のこと【樋口楓オリジナル曲】	君のこと
zPMWAj54Seg	にじさんじ - Virtual to LIVE [Official Music Video]	Virtual to LIVE
24OhNn0sG9M	夕暮れリフレイン【樋口楓オリジナル曲】	夕暮れリフレイン
8_g1VaJ0nSA	Summermagic【樋口楓オリジナル曲】	Summermagic
ZVC-XZZ6fNA	ReStart Line【樋口楓オリジナル曲】	ReStart Line
GdbaIWU9Rxg	やきもち☆ハートブレイク【樋口楓オリジナル曲】	やきもち☆ハートブレイク
29j460cy6xY	Red Star【樋口楓オリジナル曲】	Red Star
UYBUbjeGJdE	BREAK THIS WALL feat. キツネDJ【樋口楓オリジナル曲】	BREAK THIS WALL feat. キツネDJ
8sGdUV18h4w	Harmony!!【樋口楓オリジナル曲】	Harmony!!
pGdJHcAAPlc	放課後Memory【樋口楓オリジナル曲】	放課後Memory
JLt-Z2BO3Lk	burning forest【樋口楓オリジナル曲】	burning forest
M9VZ-BczRH0	【にじさんじjk組】dream triangle【オリジナル曲】	dream triangle
NcaGIXz6fdI	樋口楓1stライブ「KANA-DERO」ライブ映像特別公開！『響鳴』	響鳴
mgw7dgA4nNE	月夜ノ空 full ver.【樋口楓オリジナル曲】	月夜ノ空
w565CF7KsHA	皐月の風【樋口楓オリジナル曲】	皐月の風
Vs9dX8C9Cn8	奏でろ音楽！！！full ver.【樋口楓オリジナル曲】	奏でろ音楽！！！
P9CBFmk5H8Q	デロッパ！【樋口楓オリジナル曲】	デロッパ！
78JaNSdVOMQ	WISH!【樋口楓オリジナル曲】	WISH!
sRpg90RGRJg	【樋口楓&える】けろっぐふろっぐ！【オリジナル曲】	けろっぐふろっぐ！
ML9x7s7SMBE	焼森のファンファーレ【樋口楓オリジナル曲】	焼森のファンファーレ
FhF8PEGAF2Y	【にじさんじJK組】dream triangle short ver.【オリジナル曲】	dream triangle
yCTsaVg6f3g	【静凛&樋口楓】Dress me up!!【オリジナル曲】	Dress me up!!
PbW6Q1FdQEg	曇り空のフィルム【樋口楓オリジナル曲】	曇り空のフィルム
Zrq5lRWmCVc	月夜ノ空【樋口楓オリジナル曲】	月夜ノ空
AgOWBMkU24g	楓色の向こう【樋口楓オリジナル曲】	楓色の向こう
OLWqLMbq5QY	MapleDancer【樋口楓オリジナル曲】	MapleDancer
JG-mcEtEpRY	キミの友達【樋口楓オリジナル曲】	キミの友達
zu1ikUGv4Qc	やきもち☆ハートブレイク ワンコーラスver.【樋口楓オリジナル曲】	やきもち☆ハートブレイク
rGGGenfukR8	奏でろ音楽！！！ VR live ver.【樋口楓オリジナル曲】	奏でろ音楽！！！
MuFxkZMtv_M	奏でろ音楽！！！【樋口楓オリジナル曲】	奏でろ音楽！！！
O-Ndo_JKTAY	Liver's High!!【樋口楓オリジナル曲】	Liver's High!!
W9rkEnT9Q_8	放課後Melty【樋口楓オリジナル曲】	放課後Melty
0jseKaZGFzM	Maple【樋口楓オリジナル曲】	Maple
_7yLua9O9Us	Harmony!! ワンコーラスver.【樋口楓オリジナル曲】	Harmony!!
FSJpnr-2D30	ロキ／鏡音リン・みきとP　女声＆男声で歌ってみた【鈴鹿詩子/にじさんじ】（オリジナルMV）	ロキ
PU0exaFoGJQ	【替え歌】『腐日』（腐女子・オタクの『白日』/King Gnu）【オリジナルMV】【にじさんじ/鈴鹿詩子】	白日
vyD0wR865lc	【替え歌】『腐れてんだー』（腐女子・腐男子・オタクの『Pretender』/Official髭男dism）【オリジナルMV】【鈴鹿詩子】	Pretender
61k1YBAKQ7E	乙女解剖（DECO*27）歌ってみた【オリジナルMV】/鈴鹿詩子cover(Utako Suzuka)	乙女解剖
WGXkz1VGXVM	シャルル 歌ってみた。【自作MV】Charles Cover（鈴鹿詩子/にじさんじ）	シャルル
JjKjx0nd0JE	【オリジナルMV】緑仙君と鈴鹿ウタでシンデレラガール / King&Prince 歌ってみた【cover】	シンデレラガール
PG5QDm3fjS8	【オリジナルMV】愛を伝えたいだとか（あいみょん）cover【家長むぎ×鈴鹿詩子×える×夜見れな/にじさんじ】	愛を伝えたいだとか
0YG6Q39I1k0	【自作オリジナル曲&MV】Will you marry me? / 鈴鹿詩子 （Utako Suzuka）【後方花嫁面】	Will you marry me?
-BZXZvOnRK0	【BGクラブ】脳漿炸裂ガール 歌ってみた - 森中花咲×鈴鹿詩子×モイラ【オリジナルMV】cover	脳漿炸裂ガール
i003sNLSvU4	U.S.A./DA PUMP　限界腐女子な歌のお姉さんVTuberが歌ってみた（鈴鹿詩子）Cover By Utako suzuka	U.S.A.
z8-DH73uCxA	"【君の名は。】 なんでもないや / RADWIMPS (cover)鈴鹿詩子【聖地でのオリジナルPV】Nandemonaiya ""Your Name""/Utako Suzuka"	なんでもないや
L4Tz3tER5MA	「ダンスロボットダンス」歌ってみた【鈴鹿詩子】Dance Robot Dance [Nayutan Seijin] Cover By Utako suzuka	ダンスロボットダンス
FXwlyNlC-20	【恋愛サーキュレーション】歌ってみた。 Renai Circulation - Bakemonogatari Cover By Utako suzuka	恋愛サーキュレーション
5ghLEVNLcM4	【歌ってみた+踊ってみた】マクロスF「星間飛行」/ランカ・リー(中島愛) cover【鈴鹿詩子/にじさんじ】	星間飛行
mcg6Bg2wxso	【JK弾き語り】オラシオン弾いて歌ってみた【物述有栖】	オラシオン
TgJI50j9bIs	【ヨルシカ】唐突に雨とカプチーノ歌ってみた【物述有栖】	雨とカプチーノ
Az22NOebfRk	♡高音厨音域テストやってみた♡	高音厨音域テスト
SXdV2bKMntI	♡future base歌ってみた♡	future base
gtJ9ATKOPuw	【平成最後】AIAIAI歌ってみた♡【いっぱいちゅき】	AIAIAI
1UZjA_sRUpE	♡恋愛サーキュレーションうたってみた♡	恋愛サーキュレーション
Jhh-Dl1QkDc	【替え歌】妖怪のせいにしないようかい体操第一【歌ってみた物述】	ようかい体操第一
-N9hu5TAQ-M	アガペーの最終定理【シスター・クレア オリジナルソング】	アガペーの最終定理
CGlZyDUicjw	【デレマス】ラブレターを3人で歌ってみた【オリジナルMV】	ラブレター
M16xWzDjPmY	DOGMA【シスター・クレアオリジナルソング】	DOGMA
tLinb54v2SI	【デレマスカバー】楽園/シスター・クレア【すべての方に愛をこめて】	楽園
JYnSpLSNfbU	【歌ってみた】アニメ「ダンベル何キロ持てる？」OP　お願いマッスル【シスター・クレア×花畑チャイカ】	お願いマッスル
xAICL3fiIYY	【デレマス】Trancing Pulse 【にじさんじ/cresc.で歌ってみた】	Trancing Pulse
LqxwWFjP4qg	【CCさくら】Catch You Catch Me🌸【シスター・クレア】	Catch You Catch Me🌸
KcHmaqme-wU	pray 【シスター・クレアオリジナルソング】	pray
JWeasOQUtC4	シスター・クレアイメージソング第二弾「花に祈りを、あなたに愛を」	花に祈りを、あなたに愛を
D3aaXlaK0qo	シスター・クレアイメージソング第一弾「しゅわしゅわナインティーン」	しゅわしゅわナインティーン
1QY4ex7oLd4	おねがいダーリン シスター・クレア	おねがいダーリン
WsAS2MQVqwM	【にじさんじ】Bad ∞ End ∞ Night 歌ってみた【#お屋敷組】	Bad ∞ End ∞ Night
7cbzUExj_pQ	【 オリジナルMV 】Orange Sapphire【 にじさんじ / Twinkle 】	Orange Sapphire
rz_MrXeJ4bc	【#Vsevendeadlysins】KILLER B 【歌ってみた】	KILLER B
7nzeZYlZVFs	P.F.M. / le jouet (オリジナル曲)	P.F.M.
TTiFrIUWrmc	I LOVE... / Official髭男dism (covered by 緑仙)	I LOVE...
YDmrR463jfc	傘 / King Gnu (covered by 緑仙)	傘
2G_2eeJquVo	東京ウインターセッション / いのるぱんだ (Cover)	東京ウインターセッション
nHWe-m95w_o	月のワルツ / 諌山実生 (covered by 緑仙)	月のワルツ
YXxPu7-pv2A	メーベル / 緑仙 (Cover)	メーベル
ZKpFOoRMtYs	バレンタイン・キッス / 緑仙 with 加賀美ハヤト、夢追翔 (Cover)	バレンタイン・キッス
V654oSE_yhE	ロメオ / 夢追翔＆加賀美ハヤト with 緑仙 (Cover)	ロメオ
Bh2D_D9fz1k	緑仙と因幡はねる「かわE」byヤバイTシャツ屋さん #みどねる	かわE
aIuZKQH65Ss	丸の内サディスティック / 椎名林檎 (covered by 緑仙)	丸の内サディスティック
wMwW4rI5LdI	月陽-ツキアカリ- / 緑仙 feat. ドーラ (Cover)	月陽-ツキアカリ-
EkCg_dq_sk4	Sweet Devil / 緑仙 with 加賀美ハヤト、夢追翔 (Cover)	Sweet Devil
ZMi9z3Du9Tw	ギブス / 椎名林檎 (covered by 緑仙)	ギブス
S8b61tQUkR8	Vinyl / King Gnu (covered by 緑仙)	Vinyl
bb4gffJ1kGI	パンダヒーロー / 緑仙 (Cover)	パンダヒーロー
g614Xgz0iQ0	神のまにまに / cresc. (Cover)	神のまにまに
A5o8--ih8Ks	Alice in N.Y. / le jouet (Cover)	Alice in N.Y.
QCxJhW73h5g	ハミングがきこえる / カヒミ・カリィ (covered by 緑仙)	ハミングがきこえる
9dHQp_y8ND0	コールボーイ / 緑仙 (Cover)	コールボーイ
HGsGVLVJAr0	ヒッチコック / ヨルシカ (covered by 緑仙)	ヒッチコック
IIuW-iKscU4	RAINBOW GIRL / 緑仙 (Cover)	RAINBOW GIRL
D9s7Bdpc1-8	エヴァーグリーン / 緑仙 (オリジナル曲)	エヴァーグリーン
5Ec0SFw0agw	Here / JUNNA (全部僕の声)	Here
cbTzyU3thnc	キライ・キライ・ジガヒダイ！ / 緑仙 (Cover)	キライ・キライ・ジガヒダイ！
sRwiHYfeH4c	IMITATION BLACK / le jouet (Cover)	IMITATION BLACK
qSnil-wdWFM	オートファジー / 緑仙 (Cover)	オートファジー
u455vdk-Xy4	洟垂れ天狗 / 悒うつぼ (covered by 緑仙)	洟垂れ天狗
1Lt1jWw5ksQ	ベノム / 緑仙 (Cover)	ベノム
pOHaBLEmw_E	ノーダウト / Official髭男dism (covered by 緑仙)	ノーダウト
XMES2Aj9IQ0	Mrs.Pumpkinの滑稽な夢 / le jouet (Cover)	Mrs.Pumpkinの滑稽な夢
f-trEwlda1k	あらすじ的なすごいやつ (DJ WILDPARTY megamix)	あらすじ的なすごいやつ
UnADsNNInUo	Prayer X / King Gnu (covered by 緑仙)	Prayer X
6EbLAJwGdIo	ラストリゾート / 緑仙 (Cover)	ラストリゾート
NkG-YjkCFMY	愛して愛して愛して / 緑仙 (Cover)	愛して愛して愛して
cCQOStCtr-E	絶え間なく藍色 / 緑仙 (Cover)	絶え間なく藍色
doC1uQDjCwk	アウトサイダー / 緑仙 (Cover)	アウトサイダー
Yq4qu5WiPY8	Pretender / Official髭男dism (covered by 緑仙)	Pretender
61Q42RmCH7g	【Honey Works】日曜日の秘密 / 緑仙&響木アオ【Cover】	日曜日の秘密
NK1po3z2pto	ファンサ / 緑仙 (Cover)	ファンサ
7pObaK-isfU	The Beast. / 緑仙 (Cover)	The Beast.
-Bp1paZ9BYg	The hole / King Gnu (covered by 緑仙)	The hole
8pvNiT8O0Fc	Shocking Party / le jouet (Cover)	Shocking Party
zPDJeLxhRYk	阿吽のビーツ / 緑仙 (Cover)	阿吽のビーツ
zA-wkaoKRVY	桜前線異常ナシ / 緑仙 (Cover)	桜前線異常ナシ
zaotLFf_gPk	マトリョシカ / 緑仙 (Cover)	マトリョシカ
j3Z5JZQgizU	言って。 / ヨルシカ (covered by 緑仙)	言って。
a31BflhAUkU	SNOBBISM / 緑仙 (Cover)	SNOBBISM
nrFKOk4TObg	ソラニン / にじロック (Cover)	ソラニン
ZJKa92D3x1w	少女レイ / 緑仙 (Cover)	少女レイ
AkRVla0ACOc	スイートマジック / 緑仙 (Cover)	スイートマジック
LGRuPRL6-Tg	花見る人 / 緑仙 (Cover)	花見る人
qCmVmB0FRLQ	誰かの歌で僕が死ぬ / 緑仙 (Cover)	誰かの歌で僕が死ぬ
3HSB8lKozGw	イドラのサーカス / 緑仙 (Cover)	イドラのサーカス
X3lmvEunSi4	戯言スピーカー / 緑仙 (Cover)	戯言スピーカー
rcGle0p_72M	愛を伝えたいだとか / あいみょん (covered by 緑仙)	愛を伝えたいだとか
SJJaPDNZ2_U	フラジール / 緑仙 (Cover)	フラジール
CFQ1TAP9AUs	不死鳥のフランメ ／ ドーラ×緑仙（Cover）	不死鳥のフランメ
jM5zKMcqzig	イージュー★ライダー / 奥田民生 (covered by 緑仙)	イージュー★ライダー
rNSaTe2cKuc	Perfect Crime / 緑仙×鈴鹿詩子 (Cover)	Perfect Crime
q1tOlw5bJ2E	猛独が襲う / 緑仙 (Cover)	猛独が襲う
u5V-Qn1nUS8	従属ふりったー / 緑仙 (Cover)	従属ふりったー
0nTX41VJvsY	他人事の音がする / 緑仙 (Cover)	他人事の音がする
ELFc_cNXjgc	東京テディベア / 緑仙 (Cover)	東京テディベア
JLbpMpQF5tI	月乃 / 緑仙 (Cover)	月乃
MI1FsyFGECA	妄想感傷代償連盟 / 緑仙 (Cover)	妄想感傷代償連盟
B3LdMKVGXBY	白日 / King Gnu (covered by 緑仙)	白日
yTY3cISxH04	悪魔の踊り方 / 緑仙 (Cover)	悪魔の踊り方
7Evz3m29J-M	トリノコシティ / 緑仙 (Cover)	トリノコシティ
KZS8gCL8e7g	病名は愛だった / 緑仙 (Cover)	病名は愛だった
JYsg6jac_kQ	くたばれPTA / 緑仙 (Cover)	くたばれPTA
ZaqcGulXrN4	夕立のりぼん / 緑仙 (Cover)	夕立のりぼん
yAbsmcJw1fM	ラットが死んだ / 緑仙 (Cover)	ラットが死んだ
Vh4Ge9F8P-E	じゃじゃ馬にさせないで / 緑仙 (Cover)	じゃじゃ馬にさせないで
lAo2WGB68Jo	独りんぼエンヴィー / 緑仙 (Cover)	独りんぼエンヴィー
_w7___6Lhds	帝国少女 / 緑仙 (Cover)	帝国少女
0OOjdwiHh5Q	アウターサイエンス / 緑仙 (Cover)	アウターサイエンス
ypibVrV8GUw	あわよくばきみの眷属になりたいな / 緑仙 (Cover)	あわよくばきみの眷属になりたいな
sVdhfEUCU9Y	雨とペトラ / 緑仙 (Cover)	雨とペトラ
EaOa5RXRVs8	ヘドニストの幸福な食卓 / 緑仙 (Cover)	ヘドニストの幸福な食卓
aBTZLfCMkHU	JUST COMMUNICATION / 緑仙 (Cover)	JUST COMMUNICATION
Mbngzoz8rWA	乙女解剖 / 緑仙 (Cover)	乙女解剖
q_5CN_x4ZKo	ミミック / 緑仙 (Cover)	ミミック
FTTgMt8FUGg	ビターチョコデコレーション / 緑仙 (Cover)	ビターチョコデコレーション
Epfe2hmNLdY	デリケートに好きして / 緑仙 (Cover)	デリケートに好きして
m9UtN5xbP2s	バレリーコ / 緑仙 (Cover)	バレリーコ
VX_YC88rZoE	逆光のフリューゲル / 緑仙&ドーラ (Cover)	逆光のフリューゲル
m8DagqgH7e4	レコード・レド / 緑仙 (Cover)	レコード・レド
NMvDVwJscVA	愛欲のプリズナー / 緑仙×シスター・クレア (Cover)	愛欲のプリズナー
aXmlm0TNhG0	秒針を噛む / ずっと真夜中でいいのに。(Cover) - 緑仙	秒針を噛む
CV8p4mxLiqU	bin / 緑仙 (Cover)	bin
EvV04DGl4fg	u / 緑仙 (Cover)	u
qOeaWvm0yu0	ネトゲ廃人シュプレヒコール / 緑仙 (Cover)	ネトゲ廃人シュプレヒコール
z1GnTuRn594	思春期少年少女 / 緑仙 (Cover)	思春期少年少女
s3dVPAAEX14	ヤツメ穴 / 緑仙 (全部僕の声)	ヤツメ穴
I4qDWbVdhms	ベベル / 緑仙 (Cover)	ベベル
RMjKBFMwiBw	右肩の蝶 / 緑仙 (Cover)	右肩の蝶
nDcrqSeSAzw	キャラバン / 緑仙 (Cover)	キャラバン
qfboW35fdg0	プロトディスコ / 緑仙 (Cover)	プロトディスコ
U30I6JwF2mg	lili. / 緑仙 (Cover)	lili.
r5KSR-5qmSU	ドーナツホール / 緑仙 (Cover)	ドーナツホール
3SthJlWeJFQ	トウキョウト・ロック・シティ / 緑仙 (Cover)	トウキョウト・ロック・シティ
2T3L9xgZ6bw	Happy Halloween / 緑仙 (Cover)	Happy Halloween
e-86y2WoNsk	【DD×緑仙】紡唄 -つむぎうた- 歌ってみた【コラボ】	紡唄 -つむぎうた-
3snjehKgj6M	福寿草 / 緑仙 (Cover)	福寿草
7kYZ7STdEQI	空中分解 / 緑仙 (Cover)	空中分解
Kt7lLgW9yDI	ドラマツルギー / 緑仙 (Cover)	ドラマツルギー
_-Qmg1nN5P0	Rain / 秦基博(Cover) - 緑仙	Rain
XSGvP4N4Mhc	フィクサー / 緑仙 (Cover)	フィクサー
fmQEYoIyO-s	砂の惑星 / 緑仙 (Cover)	砂の惑星
mF9S_YQFFdY	十三番目の黙示録 / 緑仙×シスター・クレア (Cover)	十三番目の黙示録
LyXYrurbHDs	ヒビカセ / 緑仙×鈴木勝ver	ヒビカセ
gtvuE6A7qsg	ヒビカセ / 緑仙 (Cover)	ヒビカセ
GsLWuUB4z_Y	鳳仙花 / 緑仙 (Cover)	鳳仙花
1Ejf88Ovb5s	ロキ / 緑仙 (Cover)	ロキ
4hFhBA5W3tg	生命線　歌ってみた【緑仙/相羽ういは/にじさんじ】	生命線
EbP-kmQoT5g	ジャンキーナイトタウンオーケストラ / 緑仙 (Cover)	ジャンキーナイトタウンオーケストラ
sfT5PRS3X-Q	【歌ってみた】しんでしまうとはなさけない！【リゼアン/にじさんじ】	しんでしまうとはなさけない！
ADgodTeFaMM	【Virtual to LIVE（covered by #さんばか）】活動半年ありがとう【にじさんじ】	Virtual to LIVE
0tpgZOv0i7U	ホロン(Holon)/歌わせていただきました。	ホロン
_XJ5HHLsXk8	野狗子/歌わせていただきました。	野狗子
ucJCBFl9r9Y	叶わないという事 / オリジナル曲	叶わないという事
D5Cdf-iiuy8	【初投稿】終末じゃない　歌ってみた【ChroNoiR】	終末じゃない
n2BrstdTTOc	【まほすず】嗚呼、素晴らしきニャン生【歌ってみた】	嗚呼、素晴らしきニャン生
oP41X17zWR0	えがおのまほう🎀💙	えがおのまほう
rSUYFmsgmO8	ビバハピ歌ってみた【にじさんじ/鷹宮リオン】	ビバハピ
OKvqOqZmct4	3/18発売「SMASH The PAINT!!」収録曲【『Radical Rabid Riot』ジョー・力一／鷹宮リオン／竜胆尊】公式ワンコーラスPV	Radical Rabid Riot
4N-AD2Utndw	【#鷹宮リオン3D 記念】ファンサ 歌ってみた【にじさんじ/鷹宮リオン】	ファンサ
LJ24nPY8XK8	【DJ TAKAMiY】ハートサーモグラフィーfeat.でびリオン EDM ver【周防パトラ】	ハートサーモグラフィーfeat.でびリオン EDM ver
Mb2oMO-SK7w	【ロボ子さん・白上フブキ】嗚呼素晴らしきニャン生【ドーラ・鷹宮リオン】	嗚呼素晴らしきニャン生
PqY1-Zsy5vo	【LOL部】VD&GでBlessing歌ってみた【替え歌】	Blessing
U-zkxv7BYaU	giga戯画witch歌ってみた / 鷹宮リオン	giga戯画witch
TkKJw3r0kVQ	音量注意】古書屋敷殺人事件歌ってみた/鷹宮リオン	古書屋敷殺人事件
Ko9uM28OjM8	アンチグラビティーズ歌ってみた/鷹宮リオン	アンチグラビティーズ
BVOZXwRpPzA	【オリジナル曲】Let Me Take You There【にじさんじ/える】	Let Me Take You There
q7NYJ_RrV6k	【オリジナル曲】Alternative Days【にじさんじ/える】	Alternative Days
si925F8W-kY	11/27リリース！CD「にじさんじMusic MIX UP!!」より【愛の存在証明】by ERRors(える/夕陽リリ/緑仙)	愛の存在証明
qocBwpaHWiU	【歌ってみた】愛言葉Ⅲ／える	愛言葉Ⅲ
Fyd3isfcq-U	【ユキトキ】cover.える【試聴動画】	ユキトキ
K2dutYkhZ3c	【オリジナル曲】えるえる★フルネーム【歌ってみた】	えるえる★フルネーム
Kj9TcSh19ZM	【歌ってみた】秘蜜～黒の誓い～【手描きPV】	秘蜜～黒の誓い～
d1CR_M0Bvec	【歌ってみた】ハロ/ハワユ【手描きPV】	ハロ/ハワユ
ZrN3JHDf-gg	ノエル・デ・フィガロ／nyanyannya (cover by アキ花咲刀也)	ノエル・デ・フィガロ
EtofSp9lFPk	ハッピーホロウと神様倶楽部 ギルザレンⅢ世×剣持刀也×カザキ様 cover	ハッピーホロウと神様倶楽部
JqwoZOnxalk	11/27リリース！CD「にじさんじMusic MIX UP!!」より【I'm gonna be OK】 by 咎ノワール(伏見ガク/剣持刀也/葛葉/叶)	I'm gonna be OK
z1hua3iD8Xg	【歌ってみた】Mrs.Pumpkinの滑稽な夢 森中花咲×剣持刀也【オリジナルMV】	Mrs.Pumpkinの滑稽な夢
DTNI9gDgc-8	【歌ってみた】さらばかゆみ with 剣持【股間戦士エムズーン】	さらばかゆみ
_QUc8JN_jCM	sharpness...歌ってみた【剣持刀也イメージソング】	sharpness...
Orl1iYut6Vc	いかないで/森中花咲【歌ってみた】	いかないで
RRBYhbyG1ec	花のように/森中花咲【森中花咲イメージソング】	花のように
1O2tU4OxFmQ	パッチワーク/森中花咲【森中花咲イメージソング】	パッチワーク
kLF_F0OHzgI	【歌ってみた】バレリーコ/森中花咲【オリジナルMV】	バレリーコ
n4QvitFteCY	花のように Full ver 【森中花咲イメージソング】	花のように
OvGd6DqmA2c	🎁ロリ組で『好き！雪！本気マジック』歌ってみた🎅	好き！雪！本気マジック
hxOaXVJaKfU	【歌ってみた】いかないで/森中花咲【MIX.ver】	いかないで
Itm2WkBywxk	パズルガール/森中花咲【歌ってみた】	パズルガール
6tyau3ZpYUM	【歌ってみた】不可思議のカルテ/森中花咲【TVアニメ 青春ブタ野郎はバニーガール先輩の夢を見ない EDテーマ】	不可思議のカルテ
VorS99zwKYE	【歌ってみた】純情スカート/森中花咲【オリジナルMV】	純情スカート
SnkUxyMoR5s	オトナのオトメ/森中花咲【森中花咲イメージソング】	オトナのオトメ
9V0XN6lHAro	【アイドルマスター】きゅんっ！ヴァンパイアガールを歌ってみた/ヴァンパイアカザキ様【オリジナルMV】	きゅんっ！ヴァンパイアガール
p3fCIG_xa08	【デレマス】Tulipを3人で歌ってみた【オリジナルMV】	Tulip
qSQ1jGsmv5M	【歌ってみた】magnet 森中花咲×勇気ちひろ【オリジナルMV】	magnet
coCGyftSo78	【歌ってみた】少女レイ/森中花咲【オリジナルMV】	少女レイ
UEGt5h7ReC8	【BGクラブ】ハウトゥー世界征服 歌ってみた - 森中花咲×鈴鹿詩子×モイラ	ハウトゥー世界征服
_RVM0ilPYBQ	11/27リリース！CD「にじさんじMusic MIX UP!!」より【秘密の放課後〜貴方は染まらずにいられるか〜】by BGクラブ(鈴鹿詩子/森中花咲/モイラ)	秘密の放課後〜貴方は染まらずにいられるか〜
px7KIy0k29A	【歌ってみた】ライアーダンス 森中花咲×宇志海いちご【オリジナルMV】	ライアーダンス
QzdsaXemBWM	RE:I AM／Aimer covered by 戌亥とこ	RE:I AM
2k8AIzE87Mo	Disney Medley｜covered by 戌亥とこ	Disney Medley
QLWczt8aBtk	雨とカプチーノ／ヨルシカ　covered by 戌亥とこ	雨とカプチーノ
_zoRMwRZ9Rg	11/27リリース！CD「にじさんじMusic MIX UP!!」より【STARRY WORDS】by ぷりずむりりっく！（宇志海いちご/家長むぎ/勇気ちひろ)	STARRY WORDS
njUywfYQ5n8	【初投稿】エイリアンエイリアン/家長むぎ【歌ってみた】	エイリアンエイリアン
twX4naeMHBc	【夕陽リリ】and i'm home 歌ってみた【家長むぎ】	and i'm home
jgAgvRPfgWY	【けいおん!!】GO! GO! MANIAC /童田明治【歌ってみた】	GO! GO! MANIAC
zaunz6KC9pY	【けいおん!!】Utauyo!!MIRACLE /童田明治【歌ってみた】	Utauyo!!MIRACLE
It7Cde_kADc	【好きって言って！】『おじゃま虫』を2人で歌ってみた♡【夜空メル×童田明治】	おじゃま虫
QRh3vH0QMH8	【1周年記念】けいおん!!のU＆I　歌ってみた【童田明治】	U＆I
G3u6UVs3rDQ	【歌ってみた】1/6の夢旅人2002/樋口了一 (Covered by 舞元啓介&ジョー・力一)【舞元力一】	1/6の夢旅人2002
e0W-QW58Dy0	獣ゆく細道/町田ちまとジョー・力一(Cover)	獣ゆく細道
c5qCvSOB2Fg	11/27リリース！CD「にじさんじMusic MIX UP!!」より【サブリミナル・シンクロニシティ】by グリーンルージュ(花畑チャイカ/ジョー・力一)	サブリミナル・シンクロニシティ
YB4ndsg1ZUc	【SEEDs】Connecting【歌ってみた】	Connecting
RUJEeuX_Ac0	【歌ってみた】夢追翔、「Lemon」を歌わせていただきました。【にじさんじSEEDs】	Lemon
iXBBkDQ12YY	【歌ってみた】夢追翔、「RAGE OF DUST」を歌わせていただきました。【にじさんじSEEDs】	RAGE OF DUST
bTwUWwDlVgM	【歌ってみた】夢追翔、「Mrs.Pumpkinの滑稽な夢」を歌わせていただきました。【にじさんじSEEDs】	Mrs.Pumpkinの滑稽な夢
7lYjfAgaTXw	【歌ってみた】夢追翔、「高嶺の花子さん」を歌わせていただきました。【にじさんじプロジェクト】	高嶺の花子さん
Lvuq_Vcdz_U	【歌ってみた】夢追翔、「いつかのメリークリスマス」を歌わせていただきました。【にじさんじ】	いつかのメリークリスマス
kuuOPdJnGUU	【歌ってみた】夢追翔、「ワタリドリ」を歌わせていただきました。【にじさんじ】	ワタリドリ
0xfkRdHHHRQ	【歌ってみた】夢追翔、「完全感覚Dreamer」を歌わせていただきました。【にじさんじ】	完全感覚Dreamer
lOzBqH2OUWU	【歌ってみた】夢追翔、「GLAMOROUS SKY [ENGLISH VER.]」を歌わせていただきました。【にじさんじ】	GLAMOROUS SKY
bY-xavJXqSg	【Mashup/マッシュアップ】「シャルル」の伴奏で「秒針を噛む」を歌いました。【にじさんじ】	秒針を噛む
wN-O4n3UVZU	【歌ってみた】夢追翔、「まちがいさがし」を歌わせていただきました。 / ドラマ「パーフェクトワールド」主題歌	まちがいさがし
ai59f32SMEA	白日 / King Gnu (Covered by 夢追翔) 日本テレビ系「イノセンス 冤罪弁護士」主題歌【歌ってみた】【カバー】キングヌー	白日
DQqMDc5_034	【歌ってみた】夢追翔、「Pretender」を歌わせていただきました。【にじさんじ】	Pretender
nBURluaw20w	【歌ってみた】シンクロサイクロトロン・スピリチュアライザー。/ covered by 葉加瀬冬雪	シンクロサイクロトロン・スピリチュアライザー。
Yud_ttwJBYw	【おなえどしの文化発表会】初恋学園・純愛科 歌ってみた 【卯月コウ×出雲霞×鈴木勝】	初恋学園・純愛科
1iRQ0CY8nrc	Natto!! -Moon!!(月ノ美兎/iru）替え歌- 歌ってみた【卯月コウ】	Moon!!
M6esqi1cnEE	【オリジナルMV】「廃都アトリエスタにて」歌ってみた【神楽めあ× 卯月コウ】	廃都アトリエスタにて
r_9fumS_jqA	【VCDR-0041】宮沢賢治(arrenged by Virtual Cat) / 星めぐりの歌 feat.雨森小夜	星めぐりの歌 feat.雨森小夜
R4zha-fcxH8	HIT IN THE USA covered by 加賀美ハヤト ＆ 雨森小夜	HIT IN THE USA
T71vkqZeniU	ホワイトリリー covered by 雨森小夜 × 久遠千歳	ホワイトリリー
DqhTyPfB3e8	バーチャルねこ音楽コラボ月間#04 / Literature and Forests Rain feat. 雨森小夜	Literature and Forests Rain feat. 雨森小夜
E4kRDlsMLNM	深海のリトルクライ cover by 雨森小夜	深海のリトルクライ
ST3_N-ayVjw	黒猫/赤髪（covered by 鈴谷アキ）	黒猫
Svh7zl8PTTo	心做し(cover) - 三枝明那	心做し
wueJz1Oxbs8	【歌ってみた】私が恋を知る日【葉山舞鈴/にじさんじ】	私が恋を知る日
Cch-8tl4z2g	【歌ってみた】変わらないもの／奥華子【町田ちま】	変わらないもの
5hhpkY0Ht6w	【歌ってみた】打上花火【町田ちまとゴンザレス】	打上花火
h41KFaq4UXc	【歌ってみた】フリージア/Uru【町田ちま】	フリージア
wYoY15CQUgo	【歌ってみた】いのちの名前/木村弓【町田ちま】	いのちの名前
hb4af3Dsv6g	いのちの名前/町田ちま－VTM HIMARI MIX ver.－	いのちの名前
Vi0P1rqMmVo	【歌ってみた】心做し【にじさんじ/町田ちま】	心做し
qjEcGGIgtA4	【ルー語で歌ってみた】フリージア/Uru【町田ちま/にじさんじ】	フリージア
-IlaqSfksd8	【歌ってみた】ガーネット/奥華子【町田ちま/にじさんじ】	ガーネット
P_m-zcAWDfc	【天気の子】グランドエスケープ (Movie edit) feat.三浦透子 - Covered by 町田ちま＆ぴろぱる	グランドエスケープ (Movie edit) feat.三浦透子
Yzys0QshqZ0	【歌ってみた】愛して愛して愛して/Kikuo【町田ちま/にじさんじ】	愛して愛して愛して
4SqwCH-Wqhk	おなじ話/黒井しば＆町田ちま(Cover)	おなじ話
XlUhsBX2bLY	【歌ってみた】ラプンツェル/n-buna【町田ちま】	ラプンツェル
W-L78fvM0NM	『ディカディズム』歌ってみた - 出雲霞/夜木ノセ	ディカディズム
zmdHlr3Z9cY	『アイスリープウェル』歌ってみた【もぐも組】	アイスリープウェル
So49O-bee7A	『神様からのアンケート』歌ってみた- 出雲霞/糸巻おり	神様からのアンケート
_PpTrPbRg0U	Guilty kiss「コワレヤスキ」/ 出雲霞×星街すいせい×堰代ミコ【歌ってみた】	コワレヤスキ
qcQ9k7A5TDM	【歌ってみた】エイリアンエイリアン【出雲霞×星街すいせい×堰代ミコ】	エイリアンエイリアン
bE2oZdUH_ps	【歌ってみた】神のまにまに【出雲霞×星街すいせい×堰代ミコ】	神のまにまに
fUM5AqLzHeE	ビターチョコデコレーション / 鈴木勝【歌ってみた】	ビターチョコデコレーション
ppz_ktGwobA	【ASMR House】ぱすたすきゃっと / 鈴木勝×Ruco【歌ってみた】	ぱすたすきゃっと
0-DEBBvrQBI	君の神様になりたい。 / 鈴木勝【歌ってみた】	君の神様になりたい。
GsoBbBvUtmM	Sweet Devil / 鈴木勝×Ruco【歌ってみた】	Sweet Devil
x17cFLABxYc	こちら、幸福安心委員会です。 / 鈴木勝×Ruco【歌ってみた】	こちら、幸福安心委員会です。
pXwPJ1usbzg	乙女解剖 / 鈴木勝【歌ってみた】	乙女解剖
AGsCcEt1xqA	恋愛サーキュレーション / 鈴木勝×Ruco【歌ってみた】	恋愛サーキュレーション
XxgG991jJ3w	曖昧劣情Lover / 鈴木勝【歌ってみた】	曖昧劣情Lover
mbXfC0izGBY	夜咄ディセイブ / 鈴木勝【歌ってみた】	夜咄ディセイブ
b56_f1x_6SY	アウトサイダー / 鈴木勝【歌ってみた】	アウトサイダー
zuB7jlqvmc0	ヒビカセ / 鈴木勝【歌ってみた】	ヒビカセ
rpvnBz389RI	Darkness in my Soul / 鈴木勝【original】	Darkness in my Soul
y_Ha47XVMKI	【#fripSide】final phase /雪城眞尋【#とある科学の超電磁砲T OP歌ってみた】	final phase
qxa_YUEa0RA	【#fripSide】LEVEL5-judgelight-/雪城眞尋【#とある科学の超電磁砲OP 歌ってみた】	LEVEL5-judgelight-
_DOxXh2sa-g	【オリジナルMV☆彡】Booo! - TOKOTOKO（西沢さんP）/雪城眞尋【歌ってみた】	Booo!
K52rgG1xIKw	【愛と感謝をこめて!】ファンサ/雪城眞尋【歌ってみた】	ファンサ
iWoLWYOWiRA	【元気よく!!!】エイリアンエイリアン/雪城眞尋【歌ってみた】	エイリアンエイリアン
KcScvcbiebs	⚙*.。..からくりピエロ Karakuri Pierrot/雪城眞尋【歌ってみた】	からくりピエロ
KhYmT0I7Uck	【LoveLive!Sunshine!!】聖なる日の祈り(ピアノver.）/雪城眞尋【歌ってみた❄】	聖なる日の祈り
UYHn_3TiuQU	【ポジティブな人が】ポジティブ☆ダンスタイム　歌ってみた【相羽ういは/にじさんじ】	ポジティブ☆ダンスタイム
sh50FA5GzqE	【この美術部には問題がある！】ココロ＊パレット 　歌ってみた【相羽ういは/にじさんじ】	ココロ＊パレット
kFxcjyuVBu8	【ビースト衣装で】I♥　歌ってみた【相羽ういは/にじさんじ】	I♥
5BnhQbcPrBg	【新衣装で】ビースト・ダンス　歌ってみた【相羽ういは/にじさんじ】	ビースト・ダンス
cpgiFqDGxbE	Happy Halloween 歌ってみた【相羽ういは/にじさんじ】	Happy Halloween
YbnDGwXm7FA	星間飛行　歌ってみた【相羽ういは/にじさんじ】	星間飛行
kmKXtkFwQNY	金曜日のおはよう　歌ってみた【相羽ういは/にじさんじ】	金曜日のおはよう
QzW7ycDsIKU	Booo!　歌ってみた	Booo!
p78GyEpHDM8	恐山ル・ヴォワール (cover）【レヴィ・エリファ】	恐山ル・ヴォワール
LtiPqLWNfRI	月光（cover）【レヴィ・エリファ】	月光
-SDSLLZ36q0	君の知らない物語(cover）【レヴィ・エリファ】	君の知らない物語
FpV7pFAWT8o	六兆年と一夜物語(cover）【レヴィ・エリファ】	六兆年と一夜物語
7l6uWgF8z0k	チュルリラ・チュルリラ・ダッダッダ！(cover）【レヴィ・エリファ】	チュルリラ・チュルリラ・ダッダッダ！
xt_e7c4gv48	【アナと雪の女王2】Into the Unknown イントゥ・ジ・アンノウン～心のままに / 鈴代ここね＆レヴィ・エリファ【歌ってみた】	イントゥ・ジ・アンノウン～心のままに
aOBlC6uxdHU	【にじさんじ】白日 (cover）【レヴィ・エリファ】	白日
_7YQknM4nis	【にじさんじ】チョコレイト・ディスコ (cover）【ドーラ／童田明治／レヴィ・エリファ】	チョコレイト・ディスコ
gRwDnTAzTD0	【ポケモン新作記念】XY &Z歌ってみた【早瀬走/にじさんじ】	XY &Z
_keov9CotK4	【初！歌！】フィクサー歌ってみたんですけど！！！！！【聞いてほしい】シェリン/にじさんじ	フィクサー
xMpTFCca9qo	【初投稿】元気よく「Booo!」歌ってみた★星川サラ【にじさんじ】	Booo!
3C1iJ0-cP2E	『ヒロイン育成計画』covered by星川サラ／ HoneyWorks【にじさんじ】	ヒロイン育成計画
ZbLF3rjEANk	【オリジナルMV】可愛く『おじゃま虫』歌ってみた★星川サラ【にじさんじ】	おじゃま虫
r6c_wuWHwrk	【cover】吉原ラメント【白雪 巴/にじさんじ】	吉原ラメント
aH0SdgEfoIc	エバ/ メリッサ・キンレンカ Cover	エバ
Qb46Hy8ygeY	夜に駆ける/ メリッサ・キンレンカ Cover	夜に駆ける
wHw3jSvZxNI	【MMD公開】太陽系デスコ/ときのそら【歌ってMMDで踊ってみた】	太陽系デスコ
NT6Pf28eCgQ	【侵略されて】エイリアンエイリアン 歌ってみた - ときのそら【踊ってみた】	エイリアンエイリアン
ljIov4qdYic	【ときのそら】彗星ハネムーン【歌ってみた】	彗星ハネムーン
RBIypzmpB9Q	♪3/27CDアルバム発売♪【ロボットになって】ダンスロボットダンス 歌ってみた - ときのそら【踊ってみた】	ダンスロボットダンス
BWA5Mcx-HUc	【ときのそら】惑星ループ 【歌ってみた】	惑星ループ
yXM8kbfLGJo	【歌ってみた】猫猫的宇宙論 / ナユタン星人【ときのそら】	猫猫的宇宙論
Y7kElmyhHCw	【ときのそら】さよならのかわりに、花束を【歌ってみた】	さよならのかわりに、花束を
ozYph6WYr7M	【天神子兎音/ときのそら】コネクト【歌ってみた】	コネクト
tiTnyZ5QLao	【My Loving収録】刹那ティックコード【ときのそら/AZKi】	刹那ティックコード
jiQdjOCsgs8	【ときのそら/夏色まつり】chocolate box【歌ってみた】	chocolate box
fR9g-xdFt2Q	【My Loving収録】Wonderland (Short ver.)MV【ときのそらオリジナル楽曲】	Wonderland
sf_crPbd-TQ	【歌ってみた】ベノム / ときのそら(cover)【かいりきベア】	ベノム
lEiydAaqFNc	【ときのそら】メルト【歌ってみた】	メルト
mQYTthpSboY	【#SorAZ】だんご大家族【ときのそら/AZKi】	だんご大家族
G9SWOk2J6aw	【ときのそら/さくらみこ/夜空メル】blessing コラボ歌ってみた【ロボ子さん/大空スバル/AZKi】	blessing
c_YbCIqUHLo	【ときのそら】からくりピエロ / 40mP【歌ってみた】	からくりピエロ
AId5uW2OpNM	【ときのそら】恋愛裁判 / 40mP【歌ってみた】	恋愛裁判
f2gMOT8T7SE	【アズールレーン/碧藍航線】壮絶激昂 / 歌ってみた【ときのそら歌コラボ】	壮絶激昂
kHYGTN4APxg	【原キーで】フィクサー歌ってみた【ときのそら】	フィクサー
VwCJHXpZFU4	【ときのそら】オツキミリサイタル【歌ってみた】	オツキミリサイタル
h7NE6BoTCIA	【SorAZ】 暁の車 歌ってみた AZKi & ときのそら【SEED】	暁の車
sYohsz_ael0	【ときのそら】Happy Halloween 歌ってみた	Happy Halloween
2y-KlSZTEH8	【ライブ音源】ファンサ / HoneyWorks(cover) 【ときのそらwithそらとも】歌ってみた	ファンサ
WF9P_NXHh5M	【ときのそら】スイートマジック【歌ってみた】	スイートマジック
NmICr8Iu7AA	【歌ってみた】ロストワンの号哭【ときのそら】	ロストワンの号哭
dQZo2RYFoio	【ひぐらしのなく頃に】you / ときのそら【癒月ver.】	you
KqE7Bwhd-rE	【夏の終わりに】夏祭り/ときのそら【歌ってみた】	夏祭り
K7FqZJS-ZwA	【ときのそら&ロボ子さん】リモコン【歌ってみた】	リモコン
pMFOJWPC0cA	【ピアノ】愛言葉ⅲ 歌ってみた/ときのそら【DECO*27cover】	愛言葉ⅲ
QxBt0Z2MhZQ	【歌ってみた】ヒバナ / DECO*27【ときのそらcover】	ヒバナ
stXcuwe1rrk	地球最後の告白を/ときのそら【歌ってみた】	地球最後の告白を
fmjkLJYmP4Y	無限にホメてくれる桜乃そら先生/ときのそら × ヨメミ【歌ってみた】	無限にホメてくれる桜乃そら先生
bcwApgI4fXo	ドーナツホール #アメノセイ #ときのそら 【歌ってみた】	ドーナツホール
zGT2mkZVtbI	【らき☆すた】『もってけ！セーラーふく』歌ってみた - ときのそら × Alt！【がんばって再現してみた】	もってけ！セーラーふく
rbd-m8r5Ujs	【ときのそら×キノシタ】Dream☆Story【オリジナル曲・キャラソン】	Dream☆Story
nP5mhWX2i0Q	【ときのそら × アゴアニキ】海より深い空の下【オリジナル・ボカロPコラボ第4弾】	海より深い空の下
MjkDaUwPzkU	【ときのそら × はるまきごはん】そんな雨の日には【オリジナル・ボカロPコラボ第3弾】	そんな雨の日には
35fKzdDH654	檄!帝国華撃団 by燦鳥ノム・富士葵・ときのそら【歌ってみた】	檄!帝国華撃団
Z9oZ4r0cxME	【ときのそら × シグナルP】Wandering Days【オリジナル・ボカロPコラボ第2弾】	Wandering Days
QYpkewF8ECA	【歌ってみた】アスノヨゾラ哨戒班【ときのそら】	アスノヨゾラ哨戒班
gb_jfOQd64c	【コラボ】Mrs.Pumpkinの滑稽な夢 女子4人で歌ってみた - そら×まり×アオ×YuNi	Mrs.Pumpkinの滑稽な夢
yVxmv4oqPzs	【ときのそら × 40mP】未練レコード【オリジナル・ボカロPコラボ第1弾】	未練レコード
FrdLDOeMoyg	【歌ってみた】rain stops, good-bye / におP【事務員Gさんのピアノにのせて】	rain stops, good-bye
RKigW0TteZY	【歌ってみた】海を泳ぐ月【ときのそら】	海を泳ぐ月
zsBD66Sa5Yg	【歌ってみた】サンドリヨン / ときのそら & バーチャルゴリラ	サンドリヨン
zcU6WIaT9DA	【歌ってみた】メランコリック【ときのそら】	メランコリック
Ec3DZ5xaWuA	【ときのそら×アズマリム】2人でmagnet【歌ってみた】	2人でmagnet
D7qezulISyU	【一緒に歌お♪】そらともどうぶつようちえん - nozakita kazumi【そらとも提供曲】	そらともどうぶつようちえん
owwXwGXUm0g	【歌ってみた】おかえり - 瀬名航【soraSong】	おかえり
xDE3MSAK_DY	【Cover】Snow halation/μ’ｓ - ときのそら×富士葵コラボ「そらあお」で歌ってみた	Snow halation
rn54OXCuTZs	【Cover】ライオン／May'n/中島愛 - 富士葵×ときのそらコラボ「そらあお」で歌ってみた	ライオン
Pgmleabc1nQ	【歌ってみた】あの日見た空 - 山田アルテミス【soraSong】	あの日見た空
pKASI4dEG3A	【歌ってみた】わたしとあなたと皆さまと！ - 逆襲の明智【soraSong】	わたしとあなたと皆さまと！
kTV6uSmiXEw	【歌ってみた】夢色アスタリスク - ていくる【soraSong】	夢色アスタリスク
BvlCYJ1XZ3Y	【歌ってみた】木の芽時の空 - 路地裏ロジック【soraSong】	木の芽時の空
JuM6WQhdl8A	【絶対聞いたことある】シャイニングスター 歌ってみた AZKi【魔王魂】	シャイニングスター
OC-VqdP1Kow	【あなたはあなただから】スーパーヒーロー 歌ってみた AZKi【Guiano】	スーパーヒーロー
vC-MsZVgx80	【みんなに届いて】命に嫌われている。 歌ってみた AZKi【カンザキイオリ】	命に嫌われている。
G54GXyYwGz0	【エモみ全開】あさがおの詩 - AZKi 歌ってみた 【朝ノ瑠璃】	あさがおの詩
y39DMzOqsRw	【YO!SAY!】HOT LIMIT 歌ってみた AZKi【T.M.Revolution】	HOT LIMIT
MIlI_NeWuyo	【カッコイイ】Don't say lazy 歌ってみた AZKi & おさナズ【私たちを見て！！】	Don't say lazy
Yr0MRX2JP4U	【しっとり】Agape 歌ってみた AZKi & 花鋏キョウ【大切に】	Agape
56OgSRwV-xw	【大切に歌った】ウィアートル 歌ってみた AZKi 【rionos】	ウィアートル
mSVb61pOQKA	【和なAZKi】泡沫夢幻 歌ってみた AZKi【朝ノ瑠璃】	泡沫夢幻
hwkAWFw8njM	【黒AZKi】名も無き囚人 歌ってみた AZKi【初音ミク】	名も無き囚人
4UEQFnENMUw	【あいみょん】マリーゴールド 歌ってみた AZKi&星乃めあ【コラボ】	マリーゴールド
3NgN2CvLgT4	【ピコンピコン】ハートサーモグラフィー 歌ってみた AZKi【周防パトラ】	ハートサーモグラフィー
JJsSEUk8vxc	【マクロスF】ライオン 歌ってみた AZKi&千条アリア【コラボ】	ライオン
5Pmt9gVmvmM	【花譜】糸 歌ってみた AZKi【絡まる意図が濡れて解けなくて】	糸
jKJ5a7gVkH8	【花譜】心臓と絡繰 歌ってみた AZKi【この気持ちは全部私のものだ】	心臓と絡繰
_JoXN6LdcDY	【ヨルシカ】ただ君に晴れ 歌ってみた AZKi【君のポケットに夜が咲く】	ただ君に晴れ
Gni3co__EPI	【ずとまよ】秒針を噛む 歌ってみた AZKi【みんなに教えてもらった】	秒針を噛む
UnM2_ddXNYk	【コレサワ】たばこ 歌ってみた AZKi【JPOP初挑戦！】	たばこ
aQ6Hir0wlVg	【私の進化の】二息歩行 歌ってみた AZKi【1ページ目】	二息歩行
JHiWqdrWOSQ	【キズナアイ】miracle step 歌ってみた AZKi【私達のmiracle step】	miracle step
7o_YL35T93w	【とらドラ！】オレンジ 歌ってみた AZKi【オレンジ】	オレンジ
qokrSyGZTiM	【セブンティーンな】セブンティーナ 歌ってみた AZKi【フォーチュネス】	セブンティーナ
f8F8yNVDUEo	【歌ってみた】イヤイヤちゃんのうた【MIXもAZKi】	イヤイヤちゃんのうた
lxJ7SXMEPto	【ギルティクラウン】My Dearest 歌ってみた AZKi【supercell】	My Dearest
O4Oz8Gn6oDY	【アニソン】only my railgun 歌ってみた AZKi【初挑戦】	only my railgun
VAvd842cCYM	【Do you love】Sweet Devil 歌ってみた AZKi【sweet devil?】	Sweet Devil
SdgFVX0FsgE	【声を枯らして】Just Be Friends -piano.ver- 歌ってみた AZKi【叫んだ】	Just Be Friends
RJwpJIe5FmY	【MMD公開記念】おねがいダーリン 歌ってみた【ロボ子さん】	おねがいダーリン
e_EqIA6ZWqs	【歌ってみた】ロボ子、あっかんべーだ　歌ってみた。【オリジナルPV 】	あっかんべーだ
Klsca1OcwH8	【ロボ子さん】メルティランドナイトメア【オリジナルMV】	メルティランドナイトメア
yIvcKk4vZ7Y	【3DMV】君色に染まる 歌って踊ってみた【大神ミオ、ロボ子さん、さくらみこ】	君色に染まる 歌って踊ってみた
8SRe-pPLaG0	【全部美兎】シュガーソングとビターステップ OFF(全部美兎)を…歌ってみた【ロボ子さん】	シュガーソングとビターステップ
UXuMSLOUhgs	FICTION /ロボ子さん feat. キツネDJ【オリジナル曲】	FICTION
ZshLem1OV7k	【オリジナルMV】曼珠沙華／ロボ子さん【歌ってみた】	曼珠沙華
48DgT4-JYZA	【歌ってみた】少年と魔法のロボット【VTuberチャリティーライブ】	少年と魔法のロボット
yU5_w__2FBo	【ロボ子さん】secret base〜君がくれたもの〜【VTuberコンピレーションアルバム「IMAGINATION vol.1」】	secret base〜君がくれたもの〜
_txtx7llu50	【ロボ子さん】誕生日に HAPPY BIRTHDAY 【歌ってみた】	HAPPY BIRTHDAY
HBV2WaULwEw	┗|∵|┓ 月曜日の憂鬱 / ロボ子さん【歌ってみた】	┗|∵|┓ 月曜日の憂鬱
G6AcztMMGdI	【ろぼかぐ】ラブレター【歌ってみた】	ラブレター
Wo0LOk4R5Oc	【コラボ・第三弾！】「BOYS & GIRLS 3.0 feat. ロボ子」 / キツネDJ	BOYS & GIRLS 3.0 feat. ロボ子
Y8o4goeVM0o	【さくらみこオリジナル曲】マイネームイズエリート☆【キノシタ】	マイネームイズエリート☆
z4Md4zHQWJ8	【1周年記念】ユキトキ 歌ってみた 【オリジナルMV/4K】さくらみこ cover.	ユキトキ
IZWuK1ljlS0	【新衣装で】DECO*27 - 愛言葉Ⅲ feat. 初音ミク/covered by さくらみこ【4K/歌ってみた】	愛言葉Ⅲ
9nNnBrvMr5M	Snow Song Show / pekomiko (Cover)	Snow Song Show
MkSkQBIhGus	【2人で】POPP​Y PAPPY​ DAY  歌ってみた【#みっころね24】	POPP​Y PAPPY​ DAY
VeWlafLgrMs	【歌ってみた】夢路らびりんす/うらら迷路帖OP - Short ver -【REALITY】	夢路らびりんす
9nD7aQ_cKAM	【兎田ぺこら/さくらみこ】バレンタイン・キッス　歌ってみた【宝鐘マリン/夏色まつり】	バレンタイン・キッス
RrsGNMMghKM	【水着で踊る特別版MV】VTuber事務所「ホロライブ」公式曲第1弾『ShinySmilyStory』試聴動画 【 #ホロライブサマー 】	ShinySmilyStory
doEcQv1wlsI	ふたりのもじぴったん　-future bass.arrange-【白上フブキ】	ふたりのもじぴったん
21AyxKg3-2M	『１３日の金曜日！』ハム＆ナゴwithフブキ【オリジナル即興ソング】	１３日の金曜日！
m1mbRCgWO90	ガヴリールドロップキック / by 犬山たまき×白上フブキ×湊あくあ×神楽めあ【歌ってみた】	ガヴリールドロップキック
LlwxRcUFNV8	【Vtuber６人で】バレンタイン・キッス 歌ってみた 【日ノ隈らん / あにまーれ】	バレンタイン・キッス
gRr4fDVpw2c	【ゆるキャン△EDver】ふゆびより/白上フブキ【歌ってみた】	ふゆびより
uqQLrla5pDI	【オリジナルソング】ミルクティー	ミルクティー
0yeg4XkzrMI	【ロッテCM曲】VTuber17名で「ベイビーアイラブユーだぜ」をやってみた【ぴろぱる】	ベイビーアイラブユーだぜ
BMBK0qEtPTw	【VTuber28人合唱】Vital-バイタル-【オリジナル曲】	Vital-バイタル-
V8aGtJURz88	【にじさんじ×ホロライブ】『お願いマッスル』/白上フブキ＆舞元啓介【歌ってみた】	お願いマッスル
NJSH0McCpwI	【世話やきキツネの仙狐さん】もっふもふ DE よいのじゃよ  TV ver./白上フブキ【歌ってみた】	もっふもふ DE よいのじゃよ
V6RROopwuOg	ビターチョコデコレーション／ 白上フブキ	ビターチョコデコレーション
pFgUluV_00s	Say!ファンファーレ!/白上フブキ【オリジナル曲】	Say!ファンファーレ!
ltUNmsplViI	鈍感彼氏/白上フブキ【カバーソング】	鈍感彼氏
pn4dtx62_oY	全美兎シュガーソングとビターステップに合わせてなんとか歌ってみた	シュガーソングとビターステップ
tTRYYMRr0jk	おひめさまになりたいのッ！ / 夏色まつりcover【オリジナルPV】	おひめさまになりたいのッ！
j84IEsVYGyE	白日 / King Gnu (Covered by 夏色まつり&律可)	白日
kUxl0rkmD08	【アニメ？】しんでしまうとはなさけない！歌ってみた【夏色まつり×百鬼あやめ / ホロライブ】	しんでしまうとはなさけない！
MNcnT8wBcdw	心做し / 夏色まつり cover【オリジナルPV/4K】	心做し
hRGU2UEh3Qo	マリーゴールド(あいみょん) / 夏色まつり cover	マリーゴールド
zUAoqdJvcHk	【にじさんじ×ホロライブ】TVアニメ「ダンベル何キロ持てる？」OP　お願いマッスル【社築×夏色まつり】	お願いマッスル
C4IATezjOoI	アカリがやってきたぞっ / 夏色まつり【歌ってみた】	アカリがやってきたぞっ
d71E3pHzibw	夏祭り  / 赤井はあと×夏色まつり【歌ってみた】	夏祭り
0Dr_qvnXJPE	君の知らない物語(supercell) / 夏色まつり cover【アコギver】	君の知らない物語
TT6gTs2B1Uw	カタオモイ(Aimer)  /  夏色まつり cover	カタオモイ
jcCGvpvxqVQ	【誕生日！】愛言葉Ⅲ／夏色まつり cover	愛言葉Ⅲ
z2pWWKSPofA	【歌ってみた】スイートマジック 【夏色まつり×紫咲シオン】	スイートマジック
kMPx3AHvwtA	【歌ってみた】お願いダーリン ／夏色まつり	お願いダーリン
nZ-g1pPNfts	【歌ってみた】好き！雪！本気マジック ／夏色まつり	好き！雪！本気マジック
1mOL7Hi46h8	【歌ってみた】未練レコード／夏色まつり【ときのそら × 40mP】	未練レコード
xpUQ-5dSJTk	【HoneyWorks】ファンサ／夏色まつり cover	ファンサ
A-tBXiKLVJo	【ホロライブ】魔界組5人で「Crazy ∞ nighT」歌ってみた☆	Crazy ∞ nighT
KhrPiFZ4Sm8	🌟吸血鬼が「ディスコミュ星人」歌ってみた【ホロライブ/夜空メル】	ディスコミュ星人
jW4q0w6CCIo	【#夜空メル】吸血鬼が『愛言葉』歌ってみた！【１周年ありがとう】	愛言葉
hTYGZWDiVIA	【周防パトラ×夜空メル】『DANZEN!ふたりはプリキュア』を２人で歌ってみた❤【ハニスト×ホロライブ】	DANZEN!ふたりはプリキュア
aibvTUNEWqQ	【#夜空メル】吸血鬼が『さようなら、花泥棒さん』歌ってみた🌟	さようなら、花泥棒さん
Mmlj3WUBHbc	【#夜空メル】吸血鬼が『ビバハピ』踊って歌ってみた！【ホロライブ】	ビバハピ
R4PEMkDb418	『バレンタイン・キッス』を金髪4人で歌ってみた♡	バレンタイン・キッス
qnBf0JcX-1Y	【キズナアイ】吸血鬼が『Over the reality』歌ってみた🌟【夜空メル】	Over the reality
h4QRFdi3ixI	🎄🌟吸血鬼が『Snow Song Show』歌ってみた🌟🎄ver.夜空メル	Snow Song Show
hUsU9W6wt9k	吸血鬼が『惑星ループ』を歌ってみた🌟ver.夜空メル	惑星ループ
Oqu0orEZ3rI	★吸血鬼が『きゅんっ！ヴァンパイアガール』歌ってみたver.夜空メル【オリジナルPV】	きゅんっ！ヴァンパイアガール
FUc8LdBiyIE	Last Christmas/Wham! Akaihaato	Last Christmas
iO49k8GEVhI	Country Road/ John Denver	Country Road
a1hnx4TWBLw	Memories - Maroon5  AKaihaato	Memories
I5hi2-Un4lw	We Wish You a Merry Christmas/Christmas song Akaihaato	We Wish You a Merry Christmas
YsETa3OIe8M	『Silent Night』/Christmas Carols Akaihaato	Silent Night
Z8TnOhIxN90	ECHO/赤井はあと【歌ってみた】	ECHO
QLCcomFf8Yc	【英語ver.】千本桜／黒うさP・初音ミク【歌ってみた】(covered by 赤井はあと)	千本桜
iKZYJWxuLC8	【歌ってみた】World is Mine/ワールドイズマイン【赤井はあと】	ワールドイズマイン
mKORVdoWU2E	Sweets parade/赤井はあと 【歌ってみた】	Sweets parade
ENSxJQ1o2ZA	【10万人記念】私、アイドル宣言/赤井はあと【歌ってみた】	私、アイドル宣言
NaPfcTetF-M	All I Want For Christmas Is You - Mariah Carey (cover) by Akaihaato	All I Want For Christmas Is You
-aB6MQU8l1s	【バレンタインに】インドア系ならトラックメイカー／湊あくあ【歌ってみた】	インドア系ならトラックメイカー
O8v5S1nhKzo	【１周年記念】ダダダダ天使／湊あくあ【歌ってみた】	ダダダダ天使
kbwKFoZfwaA	【歌ってみた】magnet【湊あくあ×犬山たまき】	magnet
0fTmEfBvp50	【誕生日に】Ubiquitous dB／湊あくあ【歌ってみた】	Ubiquitous dB
n9DqvVNBdVI	【歌ってみた/4K】妄想税/癒月ちょこ【オリジナルMV】	妄想税
vmPpfJWxisU	【歌ってみた】〇〇〇〇〇/癒月ちょこ【オリジナルMV】	〇〇〇〇〇
0bUoVYPApR0	「かいしんのいちげき！」歌ってみた  ver.百鬼あやめ	かいしんのいちげき！
aTbbgVFSduk	【歌ってみた】フタリボシ-Arrange Ver.-　【百鬼あやめ×ななかぐら】	フタリボシ
ynGetyGXuGQ	愛言葉Ⅲ/百鬼あやめ【歌ってみた】	愛言葉Ⅲ
KaR8OpgJmxI	【歌ってみた】WAVE 【紫咲シオン】	WAVE
DhWZI3k6IaY	【歌ってみた】ADAMAS／LiSA【SAOアリシゼーションOP-cover】	ADAMAS
SaeneqnBfjE	【歌ってみた】Snow Song Show【紫咲シオン】	Snow Song Show
5X8WDBEc_PE	【歌ってみた】乙女解剖／紫咲シオン	乙女解剖
LlZtXYmOBxI	【歌ってみた】チカっとチカ千花っ♡／紫咲シオン	チカっとチカ千花っ♡
rEXdIit-H_E	【HoneyWorks】ファンサ／紫咲シオン(cover)【歌ってみた】	ファンサ
OtpqIXEkMQA	【歌ってみた】Mrs.Pumpkinの滑稽な夢／紫咲シオン×猫又おかゆ【ハロウィン】	Mrs.Pumpkinの滑稽な夢
hTBJMFkchqk	【ラブラブで】スキキライ／紫咲シオン×猫又おかゆ【歌ってみた】	スキキライ
O31uIl8rw8Y	凛として咲く花の如く Cover by大神ミオ【歌ってみた/オリジナルMV】	凛として咲く花の如く
2l_6oIGTrbg	「君の名は。」スパークル/RADWIMPS Cover by大神ミオ【歌ってみた/4K】	スパークル
ZwjUkidqGbU	【ホロライブ】「ジングルベル」を3人で歌ってみた【夜空メル×戌神ころね×大神ミオ】	ジングルベル
dXUJ0IDdX28	惑星ループ / 猫又おかゆ(cover)	惑星ループ
0scxODT68X4	ウミユリ海底譚 / 猫又おかゆ(cover)	ウミユリ海底譚
OGYu6Kj3bL0	【歌ってみた】スイートマジック 【戌神ころね】	スイートマジック
G49bAinM6Lc	恋愛裁判　Ver.戌神ころね	恋愛裁判　Ver.戌神ころね
lgAs5Gx0mGw	magnet/宝鐘マリン・潤羽るしあcover	magnet
sm4KMKurd8E	【歌ってみた】メルティランドナイトメア【#07】	メルティランドナイトメア
PerzMoTou-k	【歌ってみた】ブルーバード【#15】	ブルーバード
_8eUrkYNnLY	【歌ってみた】創聖のアクエリオン【#17】	創聖のアクエリオン
3cqV5BKJHyk	comet / 星街すいせい	comet
9pgap38Os_k	【歌ってみた】melty world【#18】	melty world
X1T9M4F8sKk	【歌ってみた】劣等上等【ルピナス&すいせい】	劣等上等
WLj0Rg_bcvQ	【歌ってみた】Shine!!/CINDERELLA PROJECT【#20】	Shine!!
zLak0dxBKpM	天球、彗星は夜を跨いで / 星街すいせい	天球、彗星は夜を跨いで
dPTeBvVJ_xY	【プロメア】superfly「覚醒」/ 星街すいせい【歌ってみた】	覚醒
FzwYKoKN_KE	ゴーストルール／天音かなた(Cover)	ゴーストルール
-NWWNyzQfMo	【U.S.A替え歌】P.P.T【天音かなた/ホロライブ4期生】	P.P.T
b3jcNR2_PF4	【全部僕の声で】ソーラン節【天音かなた/ホロライブ4期生】	ソーラン節
i6woCvMq5Xg	メランコリック-wataAme remix-／角巻わため(Cover)	メランコリック
wQgGjYaOeyY	【FF14】月下彼岸花 -ツクヨミ討滅戦 - を耳コピ＆歌ってみた	月下彼岸花 -ツクヨミ討滅戦 -
5PCJnfiNuL4	ドレミファロンド/Covered by 花咲みやび	ドレミファロンド
J4XhPRdrE4g	【唯牙コハク】あの娘シークレット【奏手イヅル】	あの娘シークレット
GVp0yH6EEZE	【Cover】YELLOW【奏手イヅル/唯牙コハク】	YELLOW
jwvJ6GBf4Ro	【Cover】猫猫的宇宙論 / 奏手イヅル	猫猫的宇宙論
u77uOEMnsoQ	【Cover】It's My Life / 奏手イヅル	It's My Life
oPahzleK0Nk	【Cover】それがあなたの幸せとしても / 奏手イヅル	それがあなたの幸せとしても
FUxsxV-Ml0o	【Cover】ベノム / 奏手イヅル	ベノム
Q978b1YXHtI	【Cover】ドラマツルギー / 奏手イヅル	ドラマツルギー
h3F8Dqi1kgQ	【オリジナルMV】「バレンタイン・キッス」歌ってみた【男性Vtuber合唱】	バレンタイン・キッス
hlHeOOpgZLY	だから僕は音楽を辞めた / ヨルシカ 『covered by 律可』	だから僕は音楽を辞めた
BS_b8USqdd4	傘 / King Gnu 『covered by 律可』	傘
ku0p-YmmpwE	乙女解剖 / DECO*27『covered by 律可』	乙女解剖
hbQFCDKXulg	シャルル / バルーン 『covered by 律可』	シャルル
IpEltC_uC94	秒針を噛む / ずっと真夜中でいいのに。『covered by 律可』	秒針を噛む
NYEe2XsS_cA	ロキ / みきとP (Covered by ふくやマスター＆律可)	ロキ
ufZmpbMAotI	カブトムシ 1cho.ver/aiko(Covered by 夏色まつり&律可)	カブトムシ
4Mv3FORCCNA	コネクト／ClariS【魔法少女まどか☆マギカ】歌ってみた/射貫まとい	コネクト
rvF77ALV8bc	絶対にチョコミントを食べるマトイチャン【歌ってみた】 天川はの×射貫まとい/GYARI‬	絶対にチョコミントを食べるアオイチャン
lfCJQ2suXK8	ウィーアー! 歌ってみた - 綺羅星ウタ×獅子神レオナ×多々星シエル×双理マイ×射貫まとい【ワンピースOP】	ウィーアー!
KvW8LNLl-Ps	ゴーストルール - DECO*27/covered by 獅子神レオナ＆射貫まとい【歌ってみた】	ゴーストルール
wf_DBAR-OLI	フォローされたら終わりドラマ主題歌【女性が歌う】ドラマツルギー - Eve (Cover) / 射貫まとい【歌ってみた】	ドラマツルギー
7U3mOsUtW4Y	アスノヨゾラ哨戒班【天輝おこめ×射貫まとい】歌ってみた	アスノヨゾラ哨戒班
GZszZ1PTzH8	【萌えボイス全開で】恋愛サーキュレーション 歌ってみた【射貫まとい】アニメ化物語OP	恋愛サーキュレーション
Vfv-Kin5DAE	【偽物語OP】白金ディスコ あざとく♡可愛く♡ 歌ってみた ヒヅキミウ×射貫まとい	白金ディスコ
lLUWyWQ0bEU	【鬼滅の刃】LiSA - 紅蓮華 / 射貫まとい【歌ってみた】Demon Slayer Kimetsu no Yaiba Opening	紅蓮華
Rvr_6YqUiVo	チェチェ・チェック・ワンツー！ 歌ってみた / 射貫まとい【vtuber】	チェチェ・チェック・ワンツー！
IbQatynj4Ic	何でも言うことを聞いてくれるマトイチャン【歌ってみた】蒼乃ゆうき×射貫まとい/ココアシガレットＰ	何でも言うことを聞いてくれるアカネチャン
JokCDFRgr0I	おジャ魔女カーニバル！！ / 射貫まとい【歌ってみた】おジャ魔女どれみOP	おジャ魔女カーニバル！！
pIfIztVbDGE	【アイドルが本気で】ファンサ/HoneyWorks/歌ってみた / 射貫まとい【VTuber】	ファンサ
LIlaLFwFiVQ	【歌ってみた】スイートマジック/射貫まとい【お誕生日】	スイートマジック
HBn1SLB4pI8	シャルル 歌ってみた(生歌) - 射貫まとい【Vtuber】	シャルル
4ty7dYKh-RU	【回レ！雪月花 】花鋏キョウ×琴みゆり×射貫まとい【歌ってみた】	回レ！雪月花
mTWP50VMs1Q	DECO*27 - ヒバナ covered by 射貫まとい【歌ってみた】	ヒバナ
XwkLX-6N1-A	【リゼロ挿入歌】Ｗishing-レム/Re:ゼロから始まる異世界生活-cover.射貫まとい【歌ってみた】	Ｗishing
yuJt-Fy9faI	【1周年記念】【歌ってみた】劣等上等 Giga / 綺羅星ウタ×射貫まとい【VTuber】	劣等上等
qWMPs-wkwS8	【天神子兎音】フーアーユーなんて言わないで／射貫まとい【歌ってみた】	フーアーユーなんて言わないで
aACww-Fr10Y	惑星ループ / ナユタン星人(cover) - 射貫まとい	惑星ループ
5kYzGcMnzMU	ヨルシカ - だから僕は音楽を辞めた（Covered by 射貫まとい）【歌ってみた】	だから僕は音楽を辞めた
zKaOP85tKLY	【Kagayaki Stars】カヌレ／射貫まとい【歌ってみた】	カヌレ
220DWQAYG_Y	『ハロ／ハワユ』 歌ってみた - 射貫まとい	ハロ／ハワユ
ef3fJVWKSvw	「海の幽霊」Spirits of the Sea / 射貫まとい【歌ってみた】	海の幽霊
acLFYHY0Ous	『愛言葉Ⅲ』／DECO*27（covered by 射貫まとい）	愛言葉Ⅲ
ulRIUdU2qyg	私、アイドル宣言／CHiCO with HoneyWorks(cover)【射貫まとい】	私、アイドル宣言
2MBikwIIjiU	『一度だけの恋なら』／ワルキューレ（covered by 射貫まとい）【マクロスΔ】	一度だけの恋なら
YEOrzqAVl8g	DECO*27 - スクランブル交際 / 射貫まとい【歌ってみた】	スクランブル交際
y10kU0eZX2Q	『ダイアモンドクレバス』／射貫まとい【歌ってみた】	ダイアモンドクレバス
GtG3-U62OXY	『愛Dee』/射貫まとい＆琴みゆり【歌ってみた】	愛Dee
4zKXfn5fBdc	【supercell】さよならメモリーズ／射貫まとい【歌ってみた】	さよならメモリーズ
65SYcteWa6E	【ポプテピピックOP】『POP TEAM EPIC』/射貫まとい【歌ってみた】	POP TEAM EPIC
YTGExo3BgPc	Hello, Morning／射貫まといver【歌ってみた】	Hello, Morning
qgHUbsWbJYw	【おうた】劣等上等 -Covererd by 姫熊りぼん × 宇佐美ユノ-	劣等上等
Ld9AAVsW9n0	【おうた】Pray / 水樹奈々-Covered by 宇佐美ユノ-	Pray
nis0Ld5WG0Q	【おうた】命に嫌われている。 / 宇佐美ユノ【歌ってみた】	命に嫌われている。
CiGqaRcxxUM	【おうた】独りんぼエンヴィー / 宇佐美ユノ【歌ってみた】	独りんぼエンヴィー
ONezSDRPmhY	【おうた】crossing field / 宇佐美ユノ【SAO】	crossing field
XwJ3fAefTlc	【おうた】天ノ弱 / 宇佐美ユノ【歌ってみた】	天ノ弱
hyoVWF_ZRAM	【おうた】LOSER/米津玄師-Covered by 宇佐美ユノ-	LOSER
CzfNrNV6vn0	【歌ってみた】ロキ / みきとP【covered by 宇佐美ユノ＆皇噛ユカリ】	ロキ
fB-jU5lJNkU	【おうた】名前のない怪物/EGOIST/psycho-pass-Covered by 宇佐美ユノ-	名前のない怪物
ZNWuh7Y_t3U	【おうた】アンノウン・マザーグース/wowoka/初音ミク-Covered by 宇佐美ユノ-	アンノウン・マザーグース
qfvVeYiUUsI	【おうた】だれかの心臓になれたなら/ユリイ・カノン-Covered by 宇佐美ユノ-	だれかの心臓になれたなら
somfNaAYY1c	【ひぐらし you】弾いてみた＆歌ってみた【Live生歌】デュエット	you
TnyamKnx5aQ	【鬼滅の刃】LiSA - 紅蓮華 / 宇佐美ユノ【歌ってみた】Demon Slayer Kimetsu no Yaiba Opening	紅蓮華
x_nH_rEs-j4	【おうた】MyDearest/supercell/ギルティクラウン-Covered by 宇佐美ユノ-	MyDearest
AfRRSxxkkzA	【歌ってみた】宇佐美ユノ【いけないボーダーライン】	いけないボーダーライン
kxF9yg-E7HQ	【歌ってみた】病名は愛だった【高音】	病名は愛だった
kIEpDt1w8jQ	【合唱】心拍数#0822　/宇佐美ユノ【歌ってみた】	心拍数#0822
4Fw32aguc2k	【ロストワンの号哭】宇佐美ユノ【歌ってみた】	ロストワンの号哭
rHG99vbuCTs	【WAVE】宇佐美ユノ【歌ってみた】【オリジナルMV】	WAVE
HGrVjOJWXeY	千本桜／宇佐美ユノ【歌ってみた】	千本桜
iTzkNEqJhLs	【キズナアイ】Hello, Morning／宇佐美ユノver【歌ってみた】	Hello, Morning
gCzMVT0zvZY	【ダンベル何キロ持てる？】お願いマッスル【歌ってみた】唯牙コハク×綺羅星ウタ	お願いマッスル
E1FbgsOGxNk	【歌ってみた】スイートマジック /綺羅星ウタ【MV】	スイートマジック
y0xvjsCirTE	【歌ってみた】チュルリラ・チュルリラ・ダッダッダ！ / 和田たけあき【綺羅星ウタcover】	チュルリラ・チュルリラ・ダッダッダ！
TxGud2bQWdo	【ハッピーハロウィン☆】HappyHalloween/綺羅星ウタ【歌ってみた】	HappyHalloween
-OJjRv3RmCA	【SAO】LiSA - crossing field / 綺羅星ウタ【歌ってみた】Sword Art Online	crossing field
T46Pep-mtlY	【好きになって♡】ファンサ /歌ってみた【綺羅星ウタ】	ファンサ
3joaZtncUx4	【天気の子】愛にできることはまだあるかい/RADWIMPS(cover)【綺羅星ウタ】歌ってみた	愛にできることはまだあるかい
nySLj5jH4Ys	【鬼滅の刃】LiSA - 紅蓮華 / 綺羅星ウタ【歌ってみた】Demon Slayer Kimetsu no Yaiba Opening	紅蓮華
fPlYYAbX54g	アンドロイドガール - DECO*27(Cover) / 綺羅星ウタ【歌ってみた】	アンドロイドガール
MVywr2nkyWI	星間飛行 (cover) / 綺羅星ウタ【歌ってみた】TVアニメ『マクロスF』オープニングテーマ	星間飛行
aWRVqjUb9VM	「海の幽霊」Spirits of the Sea / 米津玄師  - covered by 綺羅星ウタ【歌ってみた】映画「海獣の子供」主題歌	海の幽霊
MQHdy5KSHkM	‪ロキ/歌ってみた(cover.)【綺羅星ウタ×射貫まとい】‬	‪ロキ
7K08VLwM-yI	だから僕は音楽を辞めた /ヨルシカ【Covered by 綺羅星ウタ】	だから僕は音楽を辞めた
X5DtkSSx_pk	【一緒に！】青空のラプソディ ／綺羅星ウタ【行こう♡】歌ってみた	青空のラプソディ
hBOwQwaJ_fs	【わがまま聞いて？】ワールドイズマイン ／綺羅星ウタ【今すぐによ♡】歌ってみた	ワールドイズマイン
l_1z20GYa88	【ヨルシカ】ヒッチコック/ver.綺羅星ウタ【歌ってみた】	ヒッチコック
hEKezwdthjc	【歪んだ女が】スクランブル交際 ／綺羅星ウタ【愛を突いて歌ってみた】	スクランブル交際
q3YqkY9Erc4	【やっと好きって言えたVtuberが】さよならメモリーズ／綺羅星ウタ【歌ってみた】	さよならメモリーズ
Qs4x4Ko4rAY	【獅子神レオナ＆綺羅星ウタ】　再教育　【歌ってみた】	再教育
Irub5EtKgtA	【ねぇ〇〇してくれる？///】おねがいダーリン／綺羅星ウタ【歌ってみた】	おねがいダーリン
fnWO7cv8YuQ	【メンヘラ女が】乙女解剖／綺羅星ウタ【原キーで歌ってみた】	乙女解剖
4PiKmy6nFJo	ヒバナ／DECO*27（Cover by 綺羅星ウタ）【歌ってみた】	ヒバナ
aOrvFU7OCRE	ベノム / かいりきベア（Cover by 綺羅星ウタ）【歌ってみた】	ベノム
i23gojoUB9g	ジグソーパズル/綺羅星ウタ【歌ってみた】	ジグソーパズル
ObE94rXhv18	【女性が歌う】back number / クリスマスソング（Cover by 綺羅星ウタ）【vtuber】	クリスマスソング
mhoCEhPIou8	愛言葉Ⅲ - DECO*27(Cover) / 綺羅星ウタ【歌ってみた】	愛言葉Ⅲ
4Z_vNfSZ7iQ	【女性が歌う】そっけない/RADWIMPS(Covered by 綺羅星ウタ)	そっけない
0na5fceNslU	【艦これOP】海色(みいろ) 歌ってみた ver.綺羅星ウタ	海色(みいろ)
ckbIK9sqs98	太陽系デスコ / ナユタン星人(cover) - 綺羅星ウタ【歌ってみた】	太陽系デスコ
5t8H3A8bsAQ	【歌ってみた】夜明けと蛍 ／ヨルシカ【cover by 綺羅星ウタ(vtuber)】	夜明けと蛍
YaTAFzxuF40	Hello,Morning／綺羅星ウタver.【歌ってみた】	Hello,Morning
24bwcvdWRUU	私、アイドル宣言 ／CHiCO with HoneyWorks【歌ってみた】ver.綺羅星ウタ	私、アイドル宣言
QEXbMZ-k9Ck	【Kagayaki Stars】セツナトリップ／綺羅星ウタ【歌ってみた】	セツナトリップ
QNFOmFKQms8	【歌コラボ】一度だけの恋なら - ワルキューレ(マクロスΔOP) covered by 星乃めあ × 琴みゆり【歌ってみた】	一度だけの恋なら
a3181Gzf7aI	【歌ってみた】Wherever you are - ONE OK ROCK Coverd by 琴みゆり【生誕記念】	Wherever you are
Y_p4OaN_yQU	【歌ってみた】ECHO - Crusher-P / Covered by 琴みゆり	ECHO
Q3pDqOBX3OQ	【歌ってみた】アンドロイドガール - DECO*27/Covered by 琴みゆり	アンドロイドガール
13ekr2dTZiE	【歌ってみた】SnowFairyStory - 40mP  Coverd by 琴みゆり【クリスマス】	SnowFairyStory
5h5Xt9uLnR4	【アズールレーン】『光の道標』/鹿乃　(coverd by 琴みゆり)	光の道標
VrtHiCIqeys	ASCA 『RESISTER』(ソードアート・オンライン アリシゼーション OPテーマ)【歌ってみた】	RESISTER
xtY6Na5qID8	【SAO】LiSA『Catch the Moment』歌ってみた by 琴みゆり 【劇場版/主題歌/Cover】	Catch the Moment
lD_X-5bffsI	【歌ってみた】DECO*27 - 夜行性ハイズ（cover）琴みゆり【vtuber】	夜行性ハイズ
ntaOucZv4z8	LiSA 『ADAMAS』- (Full) ソードアート・オンライン アリシゼーション OP 【covered by 琴みゆり】	ADAMAS
cEZ23zApOfc	『少女レイ』／みきとP（covered by 琴みゆり）【歌ってみた】	少女レイ
GzLcZrj8ZHg	【女性が歌う】ドラマツルギー/Eve (+1キー)by 琴みゆり【歌ってみた】	ドラマツルギー
0LzZX_gccLA	『青空のラプソディ』／fhána（covered by 琴みゆり）【小林さんちのメイドラゴン OP】【歌ってみた】	青空のラプソディ
3c0hB3D3LoA	『oath sign』／LiSA（covered by 琴みゆり）【Fate/Zero OP】【歌ってみた】	oath sign
IRJ0LTQLj70	シャルル／琴みゆり【歌ってみた】	シャルル
gi2eAsbMzfA	【コラボ】「からくりピエロ」歌ってみた【#朝ノ瑠璃 × #琴みゆり】【再投稿】	からくりピエロ
Evcp_8zzyZM	【米津玄師】「海の幽霊」Spirits of the Sea 琴みゆり cover【映画『海獣の子供』主題歌】	海の幽霊
QJAte_EbFdc	『ハッピーシンセサイザ』／covered by 琴みゆり＆射貫まとい【歌ってみた】	ハッピーシンセサイザ
eSbQb66IRGg	エイリアンエイリアン 歌ってみた - 琴みゆり＆丑牡てぃあ【ナユタン星人】	エイリアンエイリアン
9H-hp_9uoXI	『恋』／琴みゆり【歌ってみた】	恋
fwl7DxDck5E	Hello, Morning／琴みゆりver【歌ってみた】	Hello, Morning
8Bq0aoOQ6fw	【コラボ】革命デュアリズム - 水樹奈々✕T.M.Revolution 歌ってみた【唯牙コハク × 琴みゆり】	革命デュアリズム
-6lz5cswOxw	【歌ってみた】アズールレーンED/光の道標 - 鹿乃 covered by 射貫まとい × 琴みゆり【コラボ】	光の道標
AyKnKFAafyQ	【歌ってみた】だから僕は音楽を辞めた - ヨルシカ  Coverd by 琴みゆり	だから僕は音楽を辞めた
j5tFcEdF8Aw	【歌ってみた】バッドエンドの映画は嫌いなんだ / Covered by 獅子神レオナ【*Luna】	バッドエンドの映画は嫌いなんだ
OPztLbOSoRY	【歌ってみた】ポジティブ・パレード / Covered by 獅子神レオナ【DECO*27】	ポジティブ・パレード
BFBGU7kuA2I	【歌ってみた】完全感覚Dreamer / Covered by 獅子神レオナ【ONE OK ROCK】	完全感覚Dreamer
YErXYcv6gkQ	【FGO】Phantom Joke - UNISON SQUARE GARDEN/Covered by 獅子神レオナ【歌ってみた】	Phantom Joke
1EZPshZYjsY	【歌ってみた】ハルノヒ Covered by 獅子神レオナ【あいみょん 】	ハルノヒ
amEdDipl8Hk	【歌ってみた】世界の真ん中を歩く Covered by 獅子神レオナ【夏代孝明】	世界の真ん中を歩く
bFmYvvksa54	【歌ってみた】Pretender - Official髭男dism/Covered by 獅子神レオナ	Pretender
pFbOwp3CEFw	【歌ってみた】キミがいる - アリエP/Covered by ちーむきゅーてぃくる	キミがいる
Tt1NBMPJ2Zk	【歌ってみた】CHEERS - Mrs. GREEN APPLE/Covered by 獅子神レオナ	CHEERS
dXrV8OPngxo	【歌ってみた】空の青さを知る人よ- あいみょん / coverd by 獅子神レオナ【空青】	空の青さを知る人よ
QdXjjx_ETb8	【歌ってみた】オリオンをなぞる - UNISON SQUARE GARDEN /Covered by 獅子神レオナ【TIGER & BUNNY】	オリオンをなぞる
hX5zVT1izAE	【歌ってみた】グランドエスケープ - RADWIMPS/Covered by 獅子神レオナ&唯牙コハク【天気の子】	グランドエスケープ
vKokred7qOo	【歌ってみた】手をたたけ/NICO Touches the Walls - Covered by 獅子神レオナ	手をたたけ
Q9VAFK0_8bU	【歌ってみた】カロン/ねごと - covered by 獅子神レオナ	カロン
TW0v7C7ukVI	【歌ってみた】ぼくも傘がない/ぼっちぼろまる - covered by 獅子神レオナ	ぼくも傘がない
tUfAIJn3WWA	【NARUTO-ナルト-疾風伝】シルエット/KANA-BOON  covered by 獅子神レオナ【歌ってみた】	シルエット
BN_jH5KF1Yk	【急上昇ガールズ】Q&Aリサイタル！ - 多々星シエル × 獅子神レオナ × 夜霧メイ【VTuber】	Q&Aリサイタル！
olrv9H8mlGg	【一周年記念】歌に形はないけれど/doriko -  covered by 獅子神レオナ【歌ってみた】	歌に形はないけれど
vjE7KJ2RmTQ	【ハイキュー!!】イマジネーション/SPYAIR covered by 獅子神レオナ【歌ってみた】	イマジネーション
TOPozTA7jrE	【天気の子】愛にできることはまだあるかい/RADWIMPS(cover)【獅子神レオナ】歌ってみた	愛にできることはまだあるかい
ciyhwOcqMDc	【歌ってみた】PinocchioP - SLoWMoTIoN /ピノキオピー - すろぉもぉしょん covered by 獅子神レオナ	すろぉもぉしょん
1gJyLasgHxY	【歌ってみた】ダンスロボットダンス Covered by 皇噛ユカリ＆獅子神レオナ	ダンスロボットダンス
MaD72xh_tCk	君の知らない物語 Arrange ver. 歌ってみた - 獅子神レオナ【化物語ED/supercell】	君の知らない物語
Yf_r8rCvSGc	ハングリーモンスター / hungry monster - TOKOTOKO（西沢さんP）covered by 獅子神レオナ	ハングリーモンスター
ZzWQbqWZT5Q	「ピースサイン」獅子神レオナ / Peace Sign【歌ってみた】TVアニメ「僕のヒーローアカデミア」OP	ピースサイン
dsaLD_2C4Gg	コレサワ/みゆはん「恋人失格」Covered by 獅子神レオナ 【歌ってみた】	恋人失格
LaD5Uvvb_1Q	「海の幽霊」Spirits of the Sea / 米津玄師  - covered by 獅子神レオナ【歌ってみた】映画「海獣の子供」主題歌	海の幽霊
rYQzWJ8DrrQ	【鬼滅の刃】LiSA - 紅蓮華  / 獅子神レオナ【歌ってみた】Demon Slayer Kimetsu no Yaiba Opening	紅蓮華
LatVcl7TkRo	ヨルシカ - だから僕は音楽を辞めた / Covered by 獅子神レオナ	だから僕は音楽を辞めた
a_0_Fe84fyU	【歌ってみた】魔法possibility ／ 獅子神レオナ【VTuber】	魔法possibility
8Gx30E8CNsk	獅子神レオナ - Buraikku Jikorizer / 無頼ック自己ライザー 歌ってみた	無頼ック自己ライザー
2TKu32mgwq8	ヨルシカ - ヒッチコック covered by 獅子神レオナ【歌ってみた】	ヒッチコック
JkfWp4focFU	【リアクト女子4人で】ガールズトーク【歌ってみた】	ガールズトーク
VpGliuGm9Q4	【歌ってみた】Not A Hero／獅子神レオナ【Vtuber】	Not A Hero
PwMZhdyZHVI	【wowaka】アンノウン・マザーグース／歌ってみた【花鋏キョウ＆獅子神レオナ＆流石乃ルキ＆流石乃ロキ】	アンノウン・マザーグース
n3FsBSLibsI	「glow」歌ってみた【獅子神レオナ】	glow
0UNOO_50Y8Q	君はロックを聴かない ／ あいみょん(cover) by 獅子神レオナ	君はロックを聴かない
iwFXWBZ1cEI	【歌ってみた】フィクサー／獅子神レオナ【Vtuber】	フィクサー
6tJo5NWpdMQ	【歌ってみた】夢ファンファーレ - 丑牡てぃあ × 獅子神レオナ	夢ファンファーレ
6lM31jEl568	【歌ってみた】on the rocks 【唯牙コハク×獅子神レオナ】	on the rocks
Inbifi8dDMw	【OBK‘S】神のまにまに【歌ってみた】	神のまにまに
_m6ylUQ9_nQ	【マクロスΔ】いけないボーダーライン / vo.獅子神レオナ & 水瓶ミア【歌ってみた】	いけないボーダーライン
k85XEb9j-mw	【UNISON SQUARE GARDEN】シュガーソングとビターステップ / vo.獅子神レオナ【歌ってみた 】	シュガーソングとビターステップ
W5eCr-_rl9I	【コレサワ】たばこ / vo.獅子神レオナ【歌ってみた】	たばこ
BV406hFrDk8	【DECO*27】ヒバナ / vo.獅子神レオナ【歌ってみた】	ヒバナ
mMYaDs75Z2E	【ONE OK ROCK】Wherever you are / vo.獅子神レオナ【歌ってみた】	Wherever you are
d2HPMxnK2x4	【OBK‘S】好き！雪！本気マジック【歌ってみた】	好き！雪！本気マジック
ftk4DxmmIBY	【back number】クリスマスソング / vo.獅子神レオナ【歌ってみた】	クリスマスソング
kNQePK_J9rs	【あいみょん】愛を伝えたいだとか / vo.獅子神レオナ【歌ってみた】	愛を伝えたいだとか
T9s6NRLezDc	【ソロで】灰色と青 / vo.獅子神レオナ【歌ってみた】	灰色と青
IYfEhy3HEjQ	【歌ってみた】告白予行練習 / vo.獅子神レオナ【VTuber】	告白予行練習
ZTQLWq8BYP8	【歌ってみた】劣等上等 Giga / 水瓶ミア×獅子神レオナ【VTuber】	劣等上等
WoLWZ3wmSoY	【歌ってみた】チェチェ・チェック・ワンツー / vo.獅子神レオナ【VTuber】	チェチェ・チェック・ワンツー
n6jW9CGlD4A	【女性が歌う】TEENAGE RIOT（米津玄師） / vo.獅子神レオナ / 『GATSBY COP』CMソング【VTuber】	TEENAGE RIOT
ZS-rrnpB10E	【本気のバラード】ラプンツェル / 獅子神レオナ【歌ってみた】	ラプンツェル
4lESqW6hZ0k	【女性が歌う】Flamingo（米津玄師）/ vo.獅子神レオナ【VTuber】	Flamingo
5g4jAgRkvvA	【歌ってみた】ラズベリー＊モンスター/ vo.獅子神レオナ 【VTuber】	ラズベリー＊モンスター
rPH1iiYvKaI	【歌ってみた】unlasting / Covered by 花鋏キョウ【LiSA】	unlasting
az3ZDkHezEk	【歌ってみた】Gimme×Gimme / Covered by 花鋏キョウ×獅子神レオナ【八王子P × Giga】	Gimme×Gimme
c5HY1mf_cUU	【歌ってみた】Nanairo night / Covered by 花鋏キョウ【supercell】	Nanairo night
UYPJGCQU_v0	【歌ってみた】名前のない怪物 Covered by 花鋏キョウ【EGOIST】	名前のない怪物
y2y4_Yx3JXg	【歌ってみた】Q-vism - Who-ya Extended/Covered by 花鋏キョウ【PSYCHO-PASS サイコパス3 OP】	Q-vism
NUa4VJFvtKg	【歌ってみた】Rumor ルーマー - ポリスピカデリー /Covered by 花鋏キョウ	Rumor ルーマー
CQOwANEuYyo	【歌ってみた】My Dearest - supercell/Covered by 花鋏キョウ	My Dearest
3yhK6BG78vU	【歌ってみた】lili. - 有機酸 ewe /Covered by 花鋏キョウ	lili.
R291NsfM1G0	【歌ってみた】flos - R Sound Design/Covered by 花鋏キョウ	flos
yFj9Gjr3SFY	【歌ってみた】ノーチラス - ヨルシカ/Covered by 花鋏キョウ	ノーチラス
eg6AwoxyKJs	【歌ってみた】馬と鹿 (Uma to Shika) - 米津玄師/Covered by 花鋏キョウ	馬と鹿
kWHPrG-ZH1w	【歌ってみた】YELLOW - 神山羊/Covered by 花鋏キョウ	YELLOW
XL5rLDFjP3g	【歌ってみた】白日 - King Gnu /Covered by 花鋏キョウ	白日
udur4LoHIfE	【天気の子】グランドエスケープ - RADWIMPS /Covered by 花鋏キョウ	グランドエスケープ
ljrGCK6n6a8	【MV】宿命/Official髭男dism『熱闘甲子園』テーマソング【花鋏キョウ】	宿命
N1A6iSEFqDA	【MV】だから僕は音楽を辞めた ／ ヨルシカ(cover) by 花鋏キョウ	だから僕は音楽を辞めた
3WLBTbX25yM	【米津玄師】「海の幽霊」Spirits of the Sea 花鋏キョウcover【映画『海獣の子供』主題歌】	海の幽霊
o7UiRM4JX1Y	魔法possibility／花鋏キョウ【歌ってみた】	魔法possibility
RbPmPKkUABg	Not A Hero／花鋏キョウ【歌ってみた】	Not A Hero
hSqSNSlK0vw	アウトサイダー／花鋏キョウ【歌ってみた】	アウトサイダー
IIRqqGthsHI	back number／HAPPY BIRTHDAY（ドラマ『初めて恋をした日に読む話』主題歌）cover by 花鋏キョウ	back number
8ehrYKvd5ag	【花鋏キョウ】I beg you / Aimer【歌ってみた】『Fate/stay night [Heaven's Feel]』	I beg you
tiwYwFmEKuI	【歌ってみた】サイレントマジョリティ ー / 欅坂46【花鋏キョウcover】	サイレントマジョリティ ー
0TfJmj-3aEo	誓い / 宇多田ヒカル（cover）花鋏キョウ【KINGDOM HEARTS III エンディングテーマ】	誓い
JOcwaqpLSWU	【supercell】さよならメモリーズ／花鋏キョウ【歌ってみた】	さよならメモリーズ
Huccgoru2n4	天体観測 / BUMP OF CHICKEN（ cover by 花鋏キョウ ）	天体観測
1FfJumM0G3M	【米津玄師】砂の惑星 feat.初音ミク/ハチ (cover) - 花鋏キョウ【歌ってみた】	砂の惑星
fiY2Dug7U-s	打上花火/DAOKO × 米津玄師(Covered by 花鋏キョウ & 夜霧メイ)	打上花火
3g-ZzwsUf48	夜もすがら君想ふ 歌ってみた【花鋏キョウ】	夜もすがら君想ふ
RnOH_kL42nI	【Eve】ラストダンス 歌ってみた【花鋏キョウ】	ラストダンス
yTek-etn_ZE	【歌ってみた】 WAVE 【花鋏キョウ】	WAVE
ubVlzwY_ZkQ	フィクサー／花鋏キョウ【歌ってみた】	フィクサー
nI-9rVc_RI8	【女性が歌う】クリスマスソング / back number (フルカバー) by 花鋏キョウ【vtuber】	クリスマスソング
AAbLoF-zc_8	夢ファンファーレ ／ 花鋏キョウ×双理マイ【歌ってみた】	夢ファンファーレ
HEql9BoUE4s	【女性が歌う】TEENAGE RIOT（米津玄師）/covered by 花鋏キョウ / 『GATSBY COP』CMソング【VTuber】	TEENAGE RIOT
S19I8ko-HUk	【女性が歌う】奏/スキマスイッチ（Cover by 花鋏キョウ）『一週間フレンズ。』主題歌	奏
DwErLL60GXk	【女性が歌う】米津玄師 「Flamingo」(Covered by 花鋏キョウ)/ソニー 完全ワイヤレスヘッドホン CMソング	Flamingo
pd9FXA5C4CU	瞬き／back number「8年越しの花嫁 奇跡の実話」主題歌(Covered by 花鋏キョウ)	瞬き
4LX0CjZsQV0	【米津玄師】Lemon／米津玄師(Covered by 花鋏キョウ)ドラマ『アンナチュラル』主題歌	Lemon
jajOPxWbpnM	【女性が歌う】じん−アディショナルメモリー/ JIN−Additional Memory(Covered by 花鋏キョウ)【歌ってみた】	アディショナルメモリー
NMdNolKVVco	廃墟の国のアリス／まふまふ feat. 初音ミク(Covered by 花鋏キョウ)【歌ってみた】	廃墟の国のアリス
TUtkwmdEXQw	ミュージックミュージックとあ feat. 初音ミク（Covered by 花鋏キョウ)【歌ってみた】	ミュージックミュージックとあ
w_i0vzngMIo	エメラルドシティ / emerald city - TOKOTOKO(西沢さんP)  feat.水瓶ミア【歌ってみた】	エメラルドシティ
A_FSgbyq2bE	【オリジナルMV】Booo! - TOKOTOKO（西沢さんP） feat.水瓶ミア【歌ってみた】	Booo!
bM_RxY48DUk	【歌って作ってみた】いーあるふぁんくらぶ　short ver.【水瓶ミア】	いーあるふぁんくらぶ
sxDsj1-8xcI	【女性が歌う】Flamingo（米津玄師）/ vo.水瓶ミア / SONY 完全ワイヤレスヘッドホン CMソング【VTuber】	Flamingo
8A1NXt4JyDg	【女性が歌う】TEENAGE RIOT（米津玄師） / vo.水瓶ミア / 『GATSBY COP』CMソング【VTuber】	TEENAGE RIOT
3OdNuJasK4s	【歌ってみた】ハートトゥハート / heart to heart  - TOKOTOKO（西沢さんP） feat.水瓶ミア	ハートトゥハート
qMYNR5MycYY	【水瓶ミア】ビースト・ダンス - 和田たけあき(くらげP) / Beast Dance - Kurage【歌ってみた】	ビースト・ダンス
-czXh7jbvNc	【歌ってみた】エイリアンエイリアン   ナユタン星人 【水瓶ミア】	エイリアンエイリアン
v1QrP98m6lo	【VTuber】雨とペトラ / バルーン(covered by 水瓶ミア)	雨とペトラ
p2VLnMCfRL4	【VTuber】シャルル / 水瓶ミア【歌ってみた】	シャルル
9uLRCpOwM5E	【VTuber】カゲロウデイズ / 水瓶ミア【歌ってみた】	カゲロウデイズ
bzLI7ovt2hY	【歌ってみた】DECO*27 - 妄想感傷代償連盟 feat. 水瓶ミア	妄想感傷代償連盟
eCT2zvj-isY	【歌ってみた】supercell - さよならメモリーズ feat. 水瓶ミア	さよならメモリーズ
EPSwt9iQQt8	【歌ってみた】└ ∵ ┐私、アイドル宣言 ／CHiCO with HoneyWorks【水瓶ミア】	└ ∵ ┐私、アイドル宣言
7xoDlIAHn8g	┗ ∵ ┓ミスター・ダーリン／HoneyWorks feat 水瓶ミア 【VTuberが歌ってみた】	┗ ∵ ┓ミスター・ダーリン
iN139b5hOT8	ムーンライト。	ムーンライト。
8xfeej2eC2U	【オリジナル楽曲】Re:A projecT『Since-Re:ly ～シンシアリー～』【Re:AcT】	Since-Re:ly ～シンシアリー～
c2IAhf1c-jU	【水瓶ミア】Hello, Morning【歌ってみた】	Hello, Morning
67D75oChdew	【オリジナル楽曲】Re:A projecT 『風になれ恋心』【Re:AcT】	風になれ恋心
Grzmdn2NnaU	【歌ってみたコラボ】愛言葉Ⅲ(DECO*27) / 水瓶ミア×朝霞しお	愛言葉Ⅲ
OBylIExSyJc	【VTuber】TOKOTOKO(西沢さんP) - 君色に染まる /  feat.水瓶ミア	君色に染まる
-Ajuvmf3y7o	Luna Melody - 星月夜。	星月夜。
xJZLv4GY6-c	MINAMIA『ヒトガタ』MV	ヒトガタ
l47J8exVbxg	【水瓶ミア×天条院アギト】打上花火 / DAOKO × 米津玄師【歌ってみた】	打上花火
1NeP0PvD7BY	【歌ってみた】恋人失格(コレサワ) / feat.水瓶ミア【VTuber】	恋人失格
mwNFr-nsN_U	[Colon:y] The First Planet [オリジナル曲]	The First Planet
z1kLgutE4yI	【アニソン女性カバー】コネクト / feat.水瓶ミア【VTuber】	コネクト
ziGbYf8WaiQ	【女子アイドル2人で】それは僕たちの奇跡 / μ's 【朝霞しお×水瓶ミア】	それは僕たちの奇跡
YQqY3fG2Xf8	みなみあ「Pretender」MV	Pretender
1Uod4sDP3oE	【ライブ再現】ファンサ /Honey Works / feat.水瓶ミア【VTuber】	ファンサ
YB-7QOJR_xE	【女性カバー】宿命 / Official髭男dism / feat.水瓶ミア【VTuber】	宿命
wxvV5NnpxEo	【女性カバー】コールボーイ / syudou feat.水瓶ミア【VTuber】	コールボーイ
LEA_ctnp2BU	【天羽よつは × 水瓶ミア】嗚呼、素晴らしきニャン生 【歌ってみたニャ】	嗚呼、素晴らしきニャン生
moKQDRZCCEw	Vアニソンリレー	Vアニソンリレー
hyh6PQ00QGM	【歌ってみた】ルマ / 夢川かなう【かいりきベア】	ルマ
3Ap-PyhNcFg	海の幽霊 / 夢川かなう【歌ってみた】	海の幽霊
2m5U6YC9wtM	「クノイチでも恋がしたい」を歌ってみた【かなてぃあ】	クノイチでも恋がしたい
VcAeQjApT1M	かいしんのいちげき！/夢川かなう【歌ってみた】	かいしんのいちげき！
KLpYhA5j4Rs	【夢川かなう】フラジール／ぬゆり【歌ってみたのじゃ】	フラジール
itTXj6bGpKQ	センパイ。/HoneyWorks meets TrySail【夢川かなう】	センパイ。
DSq3cCkUWG4	【夢川かなう】メーベル【歌ってみたのじゃ】	メーベル
pVs0kGpquNY	【夢川かなう】神のまにまに【歌ってみたのじゃ】	神のまにまに
q9bHVMxS6GM	【歌ってみた】金曜日のおはよう-another story-【covered by 姫熊りぼん】	金曜日のおはよう-another story-
PpbTiyTIYXs	★脳漿炸裂ガール／ver.天川はの×姫熊りぼん	脳漿炸裂ガール
EZqsgO_m7n4	【歌ってみた】いーあるふぁんくらぶ【covered by すたーべあ！】	いーあるふぁんくらぶ
rxdC3svLU9k	【歌ってみた】東京テディベア - Tokyo Teddy Bear【covered by 姫熊りぼん】	東京テディベア
ZdAoIQgk-ic	【歌ってみた】嗚呼、素晴らしきニャン生【covered by すたーべあ！】	嗚呼、素晴らしきニャン生
pWxB9QMF5pM	【歌ってみた】白い雪のプリンセスは【covered by 姫熊りぼん】	白い雪のプリンセスは
OV2khKVAepA	★しんでしまうとはなさけない！／ver.天川はの×姫熊りぼん	しんでしまうとはなさけない！
Mz7zOYwPVCE	★magnet／ver.天川はの×姫熊りぼん	magnet
vw1M9_LrhpA	【歌ってみた】ライオン【covered by すたーべあ！】	ライオン
uS0GzogJsuo	【歌ってみた】ハッピーシンセサイザ【covered by すたーべあ！】	ハッピーシンセサイザ
Ih9oLlYX6d8	★好き！雪！本気マジック／ver.天川はの×姫熊りぼん	好き！雪！本気マジック
n6RTFGRc8DU	【歌ってみた】ロキ【covered byすたーべあ！】	ロキ
wUNHPbt7yOc	★エイリアンエイリアン／ver.天川はの×姫熊りぼん	エイリアンエイリアン
jvqZbupyV6Q	【誕生日に歌ってみた】カレンダーガール【covered by 姫熊りぼん】	カレンダーガール
Wzltj7ujKAg	【歌ってみた】愛×愛ホイッスル　【白音ゆき×黒音よみ】	愛×愛ホイッスル
zxQ_Hox4g6k	【モノクロあいのす。】鬼KYOKAN【歌ってみた】	鬼KYOKAN
S_25kv7o_K4	【オリジナル曲】虚に吠える	虚に吠える
aGNeoe0tQ3g	【 歌ってみた】メルト/白音こゆき【VOCALOID/ryo】	メルト
We3xixLsLN0	最大音量で聞けば耳が強くなる「カエルの合唱」歌ってみた	カエルの合唱
eNCy_4b9S9Y	【嵐】Love so sweet / vo.METEO【歌ってみた】	Love so sweet
Z4dM3LLCCgQ	【歌ってみた】KiLLER LADY / 八王子P【皇噛ユカリ】	KiLLER LADY
fBMJhtyelA4	【歌ってみた】千本桜 / 黒うさP【METEO】	千本桜
6-Gz66BlokQ	【歌ってみた】trick and treat / METEO	trick and treat
JHm4W6C6Qp8	【歌ってみた】太陽系デスコ / ナユタン星人(cover) 皇噛ユカリ【新人Vtuber】	太陽系デスコ
PW076YcfuRY	【歌ってみた】シリョクケンサ / 皇噛ユカリ【新人VTuber】	シリョクケンサ
YzNxAUOQneY	【TEENAGE RIOT - 米津玄師 】歌ってみた ver.皇噛ユカリ	TEENAGE RIOT
epdUJxFH99w	【Honeyworks】ロメオ / vo.METEO【歌ってみた】	ロメオ
A76xtG336_0	威風堂々 歌ってみた／METEO	威風堂々
JC4gba4sZ2Q	フィクサー／皇噛ユカリ【歌ってみた】	フィクサー
8HoU61p1oeA	皇噛ユカリ＆難波 研 - Nebula	Nebula
t1K1VHPdTwY	白日/King Gnu Cover: 【湊音みなみ】	白日
-z-zl1YcGng	少女レイ/みきとP Cover: 【湊音みなみ】	少女レイ
3-5Jh0pGEFE	【ベイビーアイラブユーだぜ】新世界/BUMP OF CHICKEN  Cover: 【湊音みなみ】	新世界
PbMn5bohYck	みなみあ「グランドエスケープ」MV	グランドエスケープ
rq0WFqAwu4w	【歌ってみた】イヤイヤちゃんのうた【湊音みなみ】	イヤイヤちゃんのうた
dKK7XzpHceM	【歌ってみた】馬と鹿／米津玄師【唯牙コハク】	馬と鹿
H3w7C2vesGo	【歌ってみた】惑星ループ／ナユタン星人【唯牙コハク】	惑星ループ
g77mm8Yiru4	【歌ってみた】白日／King Gnu【唯牙コハク】	白日
2W-smCsYd0s	「海の幽霊」Spirits of the Sea / 米津玄師 - covered by 唯牙コハク【歌ってみた】映画「海獣の子供」主題歌	海の幽霊
Zt52uK6rH00	【歌ってみた】シャルル／バルーン【唯牙コハク】	シャルル
iRpDalUAc88	【歌ってみた】夢喰い白黒バク /Nem【唯牙コハク】	夢喰い白黒バク
NbQCoFZpMRo	【歌ってみた】ロキ／みきとP【唯牙コハク】	ロキ
_J7eD-80zI4	【男性VTuberが歌う】TEENAGE RIOT（米津玄師） / vo.唯牙コハク / 『GATSBY COP』CMソング【新人VTuber】	TEENAGE RIOT
8_6qrVvF0Pc	【男性VTuberが歌う】Flamingo（米津玄師）/ vo.唯牙コハク / SONY 完全ワイヤレスヘッドホン CMソング【新人VTuber】	Flamingo
K-O_JFhlqLU	【唯牙コハク】PLATONIC GIRL 歌ってみた【綺羅星ウタ】	PLATONIC GIRL
1cFTiLtP0Jg	【我らアイドル】明星ギャラクティカ歌ってみた。隻翼フィナ＆唯牙コハク	明星ギャラクティカ
aVd_rs2VcRc	ドラマツルギー - Eve MV/covered by キズナアイ(ブラック)【歌ってみた】	ドラマツルギー
Z7R53guChEw	太陽系デスコ/ナユタン星人/covered by キズナアイ【歌ってみた】	太陽系デスコ
i4U7UdilfHs	学猫叫 Say Meow Meow/covered by キズナアイ×爱哥【歌ってみた】	學貓叫 Say Meow Meow
Ax_sTYvZTIw	あいみょん - マリーゴールド/covered by キズナアイ【歌ってみた】	マリーゴールド
jOTAqsB-8Fk	ロキ / 鏡音リン・みきとP/covered by キズナアイ×ブラック【歌ってみた】	ロキ
Y0DUgF2EEsU	ジングルベル/covered by キズナアイ【歌ってみた】	ジングルベル
Sf8W4lFPBGg	ryo (supercell) メルト/covered by キズナアイ【歌ってみた】	メルト
5AUSZpObiEo	DECO*27 - 愛言葉Ⅲ feat. 初音ミク/covered by キズナアイ【歌ってみた】	愛言葉Ⅲ
8GJBo9_CLZE	HoneyWorks 『可愛くなりたい feat.成海聖奈（CV.：雨宮天）』/covered by キズナアイ【歌ってみた】	可愛くなりたい
7oqBb5doaj8	赤鼻のトナカイ/covered by キズナアイ【歌ってみた】	赤鼻のトナカイ
zAzrU3Rw2mI	シャルル/バルーン/covered by キズナアイ【歌ってみた】	シャルル
h1poqc119N0	インドア系ならトラックメイカー/covered by キズナアイ【歌ってみた】	インドア系ならトラックメイカー
xYSapA2jOCs	きゃりーぱみゅぱみゅ - Crazy Party Night ～ぱんぷきんの逆襲～/covered by キズナアイ【歌ってみた】	Crazy Party Night ～ぱんぷきんの逆襲～
z4ODpwhjNqg	Official髭男dism - Pretender /covered by キズナアイ【歌ってみた】	Pretender
qj93d_DaoEI	愛にできることはまだあるかい RADWIMPS /covered by キズナアイ【歌ってみた】	愛にできることはまだあるかい
nOKZ8YWTRa0	DECO*27 - 乙女解剖 feat. 初音ミク/covered by キズナアイ【歌ってみた】	乙女解剖
ttuQqpCpGSM	ハチ 「砂の惑星 feat.初音ミク」HACHI / DUNE ft.Miku Hatsune/covered by キズナアイ(ブラック)【歌ってみた】	砂の惑星
EnN0r8G9oSM	ヨルシカ - だから僕は音楽を辞めた /covered by キズナアイ【歌ってみた】	だから僕は音楽を辞めた
mRZFSzhxEIg	A whole new world (English) /covered by キズナアイ【歌ってみた】	A whole new world
pvbCb9SaIn4	【フィギュア歌いながら紹介してみた】 ガチャガチャきゅ～っと・ふぃぎゅ@メイト【MAD】	ガチャガチャきゅ～っと・ふぃぎゅ@メイト
GKvaXSIV6B0	米津玄師 「海の幽霊」Spirits of the Sea/covered by キズナアイ(ブラック)【歌ってみた】	海の幽霊
BsLyJ6MTVys	コレサワ「恋人失格」covered by キズナアイ【歌ってみた】	恋人失格
c8PaL8ncozg	YuNi 「透明声彩」Covered by キズナアイ【歌ってみた】	透明声彩
EaRByR8FB_0	┗|∵|┓金曜日のおはよう／HoneyWorks feat.Gero Covered by キズナアイ【歌ってみた】	┗|∵|┓金曜日のおはよう
Ulj5sT52LNs	【歌ってみた】2020応援ソング「パプリカ」【踊ってみた】	パプリカ
vG5BYoAKTLs	【キズナアイ】惑星ループ 踊ってみた 【歌ってみた】	惑星ループ
xOemeonboOM	30分連続「ムーニーちゃんのおまじない♪」【歌ってみた】	ムーニーちゃんのおまじない♪
j424KpqREHk	【TWICE】『TT』歌って踊ってみた！【트와이스】	TT
RvB-kv9q7Pk	【歌ってみた】『Hej Monika』歌ってるPewDiePieさんにインスパイアされてみた！！	Hej Monic
rFxm8X6VN4g	【アイカツスターズ！】『スタートライン！』踊って歌ってみた！	スタートライン！
4KstxwVwnJw	【ＨＵＧっと！プリキュア】『ＨＵＧっと！未来☆ドリーマー』踊って歌ってみた！	ＨＵＧっと！未来☆ドリーマー
zZyTTBXwd88	『ハッピーシンセサイザ』 踊って歌ってみた！	ハッピーシンセサイザ
RxjZScx-8XA	【チャンネル登録者数】パンダフルチャレンジ！【3,000人突破！】	パンダフルチャレンジ！
HTsQYfgcN6c	『ぽっぴっぽー』踊って歌ってみた！	ぽっぴっぽー
QS7Q_zEPzHA	『ハロ／ハワユ』歌って踊ってみた！	ハロ／ハワユ
o3GmFRDNmBY	【踊ってみた】ゆず新メンバーに応募！！【タッタ】	タッタ
4UyAr5Bs68g	『ルカルカ★ナイトフィーバー』歌って踊ってみた！【キズナアイVer.】	ルカルカ★ナイトフィーバー
V0fDTHRIHSE	【チルトブラシ】『みくみくにしてあげる』歌いながらミク先輩描いてみた！【VR】	みくみくにしてあげる
_GByIfCSGL4	『メランコリック』歌って踊ってみた！【キズナアイver.】	メランコリック
HnQSdlbw3es	【いまさら踊ってみた】ハレ晴レユカイ【#119】	ハレ晴レユカイ
112smZWj3EM	アイちゃんといっしょ「アブラハムの子」	アブラハムの子
SZyq9MA0DOo	【踊ってみた】サイレントマジョリティー【#110】	サイレントマジョリティー
LmnIdNLpB5E	【Retro】レトロマニア狂想曲を歌ってみた！【Mania】#143	レトロマニア狂想曲
ux9sE2S8Pho	【替え歌】初作詞の応援歌を歌ってみた！【千本桜】#170	千本桜
iEGY5LeSW04	【はっぱ隊】平和の曲を踊ってみた！【YATTA!】#153	YATTA!
jis7E_mbwPw	シンクロニティ by おめシス × BACK-ON	シンクロニティ
8q-Ny2a0GPM	【ガンダムAGE】AURORA (Short) / 藍井エイル by おめがレイ	AURORA
FkyotXkl-CI	【ボカロ】非公開日誌 / GUMI by おめがリオ	非公開日誌
owl2ZtgDRHI	からくりピエロ / 初音ミク by おめがリオ	からくりピエロ
-YLyVDOJnFc	【天元突破グレンラガン】空色デイズ (Short) / 中川翔子 by おめがレイ	空色デイズ
SV_ag_cq9Jg	【DTB】ツキアカリのミチシルベ / ステレオポニー by おめがレイ	ツキアカリのミチシルベ
3JAeD-9FE8I	青いベンチ / サスケ by おめがシスターズ	青いベンチ
KQPr8Qde22w	【GBF】ニブンノイチ / BACK-ON by おめがシスターズ	ニブンノイチ
IfYODh82hTo	【アルドノア・ゼロ】heavenly blue / Kalafina by おめがレイ	heavenly blue
abDwOIMcBEw	AM11:00 / HY by おめがシスターズ【#16Ω】	AM11:00
gXhqIT7XnsI	【時をかける少女】ガーネット / 奥華子 by おめがシスターズ	ガーネット
VBpXOOPK6-E	夏色 / ゆず by おめがシスターズ	夏色
_AcOHoF68vo	【かっとビング】マスターピース / mihimaru GT by おめがシスターズ	マスターピース
s9IvNnu0kqc	【ﾗｯﾀｯﾀｧ!】独りんぼエンヴィー / 初音ミク byおめがシスターズ	独りんぼエンヴィー
FVfim9jNQVg	【ﾒｰﾃﾞｰ】ゴーストルール / 初音ミク byおめがシスターズ	ゴーストルール
sYNL6WlW-e8	【まどマギ】コネクト / ClariS by おめがシスターズ	コネクト
pSBk3QVY3cA	【血界戦線】シュガーソングとビターステップ / UNISON SQUARE GARDEN by おめがシスターズ	シュガーソングとビターステップ
b0nF7oUbsfg	【あおガル】恋のカトレア通り(cover) by きれいなおめシス	恋のカトレア通り
9Ppv1wvwHXI	ホウキ雲 / RYTHEM by おめがシスターズ	ホウキ雲
58al_aq_E2M	透明声彩 / YuNi by おめがシスターズ	透明声彩
XAt2lODxz_E	【ハガレン】メリッサ / ポルノグラフィティ by おめがシスターズ【#14Ω】	メリッサ
58TGnNnXT6E	白日 / King Gnu by おめがシスターズ	白日
dmloYn5xaqs	点描の唄 / Mrs. GREEN APPLE (feat.井上苑子) covered by おめがシスターズ	点描の唄
O1qCN4UEZqU	カカカタ☆カタオモイ-C / ヒャダイン ( cover by かしこまり & YuNi )	カカカタ☆カタオモイ-C
mxKCX19vIZg	【祝☆半年記念日】ロキ コラボで歌ってみた - かしこまり×YuNi 【みきとP】	ロキ
r6-gB_ypjsM	【YuNi×天神子兎音】クノイチでも恋がしたい / みきとP【歌ってみたコラボ】	クノイチでも恋がしたい
CYpOUcLtwT0	【コラボ】脳漿炸裂ガール 歌ってみた - 天神子兎音×YuNi	脳漿炸裂ガール
l71rBXM1Rgg	【コラボ】 Happy Halloween 女子3人で歌ってみた - おめシス × YuNi	Happy Halloween
VTA4k25UZSA	【女性が歌う】ともに/WANIMA(Covered by コバソロ  & YuNi)	ともに
FCRRxX5PoX4	【コラボ】からくりピエロ 歌ってみた - 響木アオ × YuNi	からくりピエロ
cyl1ZaRun3E	【初コラボ】 ペガサス幻想 小宇宙が燃えるまで歌ってみた(生歌) - 小山内めい x YuNi 【聖闘士星矢】	ペガサス幻想
SMKJYUi6dEE	【初コラボ】お願い！シンデレラ （めい☆YuNiver.）【アイドルマスターシンデレラガールズ】	お願い！シンデレラ
Vs0K7kA1t_4	【コラボ】ハレ晴レユカイ 歌ってみた - 織田信姫×YuNi	ハレ晴レユカイ
1DFEQcR3G1k	雨とカプチーノ-YuNi 歌ってみた【ヨルシカ】	雨とカプチーノ
s98L-StGYII	【猫好き必見】 猫のキモチ-YuNi 歌ってみた【大谷育江】	猫のキモチ
rW3GJTn6tQw	青と夏 歌ってみた-YuNi【Mrs.GREEN APPLE】	青と夏
d65l9Sm3TjQ	ダダダダ天使 - YuNi 歌ってみた【ナナヲアカリ】	ダダダダ天使
QVFuiqWjXMk	【バカ兄貴！】irony 歌ってみた - YuNi 【俺の妹がこんなに可愛いわけがない】	irony
7wCCpsKzUbU	【ฅにゃんにゃんฅ】乙女解剖 歌ってみた - YuNi	乙女解剖
aApLaFDDUJw	【Japanese ver】 Shallow Lady Gaga & Bradley Cooper 歌ってみた - YuNi	Shallow
ilp0naZ1WQU	【イケメン(YuNi)降臨】雨とペトラ 歌ってみた - YuNi	雨とペトラ
mGsAixlq7tg	【キングダムハーツ】光 歌ってみた - YuNi【イヤホン推奨】	光
PaO5P_wfRZk	【眠りにつく】白い雪のプリンセスは 歌ってみた - YuNi	白い雪のプリンセスは
CPKLZq7RYhA	【バターにすっぞ】帝国少女 歌ってみた - YuNi	帝国少女
NQ97uD3od5I	【メリクリ🎄】クリスマスソング 歌ってみた -YuNi 【backnumber】	クリスマスソング
MwVVsS2BkkE	【冬の風の匂いがした】夜空ノムコウ 歌ってみた - YuNi	夜空ノムコウ
lx_amBRRwZI	【YuNiの推し曲】ひなげし 歌ってみた - YuNi【いきものがかり】	ひなげし
uaKIi_UhsNo	【そんなわけないや】ヒバナ 歌ってみた - YuNi	ヒバナ
OF5MVNyiF38	【ダフニー】flos 歌ってみた - YuNi	flos
y2ZbEta0ugw	【YuNiアレンジ】奏 歌ってみた - YuNi	奏
teNRF5U_tCQ	【そんな名前の人は知らない！】 adrenaline!!! 歌ってみた - YuNi 【エロマンガ先生】	adrenaline!!!
xv92LLMA3J8	【どうしようもないまんま】ドーナツホール 歌ってみた - YuNi	ドーナツホール
Mgnecjs9B8E	【会場大炎上⁈】Pressure 歌ってみた -YuNi【Muse】	Pressure
jRfTfVeZavs	【ハァイッ！！】ultra soul 歌ってみた - YuNi【B'z】	ultra soul
EAhwdJpODsM	【甲子園につれてって！】タッチ 歌ってみた(生歌) - YuNi	タッチ
3lg9Y3uyRqQ	【ル〜ララ〜】ロビンソン 歌ってみた - YuNi【スピッツ】	ロビンソン
regESypj-2w	【ねぇそうだろう？】ヴォイス 歌ってみた -YuNi 【ポルノグラフィティ】	ヴォイス
HgpLzXrE_XA	【昭和の名曲】まちぶせ 歌ってみた - YuNi 【石川ひとみ】	まちぶせ
sLMDss_VV4E	【#ゆにアート】 tell your world 歌ってみた - YuNi	tell your world
VpYIJ76Gs6k	【愛が！】さよならエレジー 歌ってみた【菅田将暉】	さよならエレジー
_MsMoRpvJD0	【アイムアルーザー】LOSER 歌ってみた【米津玄師】	LOSER
aQnFn7013uQ	【君の膵臓をたべたい】 春夏秋冬 歌ってみた - YuNi 【sumika】	春夏秋冬
oP4bzAOmFos	【YuNi落下】アスノヨゾラ哨戒班 歌ってみた - YuNi	アスノヨゾラ哨戒班
vKcOfhAAgeg	【舌が召された】ブリキノダンス 歌ってみた - YuNi	ブリキノダンス
zqMWChfzTkI	【ジーザス!!】恋愛裁判 歌ってみた - YuNi	恋愛裁判
jlcXiaiG2IY	【愚者のメロディー】妄想感傷代償連盟 歌ってみた - YuNi	妄想感傷代償連盟
-Sp2pM-whLw	【逃げちゃダメだ】残酷な天使のテーゼ 歌ってみた - YuNi 【新世紀エヴァンゲリオン】	残酷な天使のテーゼ
vE3GNxYFawc	【眼球全開】ラプンツェル 歌ってみた - YuNi	ラプンツェル
E87JNpw_prI	【愛してくれ】シャングリラ 歌ってみた - YuNi【チャットモンチー】	シャングリラ
85LtMbcugjI	【生きろ】命に嫌われている。 歌ってみた - YuNi	命に嫌われている。
n7LNDJFHukw	【猛暑対策】WHITE BREATH 歌ってみた - YuNi 【T.M.Revolution】	WHITE BREATH
NIOIRrLpYJU	【わたしのヒカリ】Lemon 歌ってみた(生歌) -YuNi 【米津玄師】	Lemon
6TcYk_qGshM	【うー!にゃー!】太陽曰く燃えよカオス 歌ってみた(生歌) - YuNi 【這いよれ！ニャル子さん】	太陽曰く燃えよカオス
DGJAG7JH8Go	【苦手発覚】crossing field 歌ってみた(生歌) - YuNi 【ソードアート・オンライン】	crossing field
uHT5tGjRbfg	【こっち向いてったら！】おねがいダーリン 歌ってみた(生歌) - YuNi	おねがいダーリン
Q6h-qj3PncI	【エアギター】夏祭り 歌ってみた(生歌) - YuNi 【Whiteberry / JITTERIN'JINN】	夏祭り
BjgmNg37WvU	secret base ～君がくれたもの～ 歌ってみた(生歌) - YuNi【あの花】	secret base ～君がくれたもの～
YRLVzP4ud_4	名前のない怪物 歌ってみた(生歌) 【PSYCHO-PASS/EGOIST】	名前のない怪物
AgjgTQLddY0	ハロ／ハワユ 歌ってみた(生歌) - YuNi【サンキュー】	ハロ／ハワユ
pK9IxSy9yXQ	ラムのラブソング 歌ってみた(生歌) - YuNi 【うる星やつら】	ラムのラブソング
xb5ECqfmBVI	異邦人 歌ってみた(生歌) - YuNi 【久保田早紀】	異邦人
ScBOvBW1KWA	スーサイドパレヱド 歌ってみた(生歌)【ダークYuNi】	スーサイドパレヱド
LjkDJHk2KrE	シャルル 歌ってみた(生歌) - YuNi【息継ぎ必死】	シャルル
OdtLcNpsmwc	砂の惑星 歌ってみた(生歌) - YuNi【早口苦戦】	砂の惑星
McRFlW3gV1M	【ご存知、ないのですか!?】祝10周年！ 星間飛行 歌ってみた(生歌) - YuNi 【マクロスF / ランカ・リー】	星間飛行
Wn_DHMnQopI	【少しは分かるのです】Violet Snow 歌ってみた(生歌) - YuNi【ヴァイオレット・エヴァーガーデン】	Violet Snow
BxgZRlx_pDE	【ウエストがしんどい】エイリアンエイリアン 歌ってみた(生歌) - YuNi	エイリアンエイリアン
5bNokEpIYNQ	【メニアック】 sweets parade 歌ってみた(生歌) - YuNi【髏々宮カルタ/妖狐×僕SS】	sweets parade
8yL88k4Aou0	【自己紹介】プラチナ 歌ってみた(生歌) - YuNi【カードキャプターさくら】	プラチナ
MJ0IGsJCYTg	命に嫌われている 歌ってみた ♪春歌みこと♪【ウタゴエ放送部】	命に嫌われている
Mf4ttM8N2Co	乙女解剖 歌ってみた ♪春歌みこと♪【ウタゴエ放送部】	乙女解剖
Jn-O1E5goH8	シャルル 歌ってみた ♪音羽ララ♪【ウタゴエ放送部】	シャルル
uYeR4can8_w	【鬼滅の刃】紅蓮華 歌ってみた ♪春歌みこと♪【ウタゴエ放送部】	紅蓮華
1ihs19Plu6A	瞬き 歌ってみた ♪音羽ララ♪《ウタゴエ放送部》	瞬き
q5pxJ07KiVw	指切りげんまん《勾指起誓》 歌ってみた ♪春歌みこと♪《ウタゴエ放送部》	指切りげんまん《勾指起誓》
lwIiOezwzEY	《GReeeeN》愛唄 歌ってみた ♪春歌みこと♪《ウタゴエ放送部》	愛唄
1NbIq_G56s8	《あいみょん》今夜このまま 歌ってみた ♪春歌みこと♪《ウタゴエ放送部》	今夜このまま
8gu2pG0LqbY	《名曲》明日への扉 歌ってみた ♪音羽ララ♪《ウタゴエ放送部》	明日への扉
LwCKErRWkx0	《ユニゾン》オリオンをなぞる 歌ってみた ♪春歌みこと♪《TIGER & BUNNY》	オリオンをなぞる
7eWcKSrEcVE	《SAO 2期》IGNITE 歌ってみた ♪春歌みこと♪	IGNITE
OwVPjQrPAIs	《米津玄師》ピースサイン 歌ってみた ♪春歌みこと♪《僕のヒーローアカデミア》	ピースサイン
FALBXI0mkgs	《あいみょん》マリーゴールド 歌ってみた ♪春歌みこと♪《ウタゴエ放送部》	マリーゴールド
AvtkHQpywbc	《木村カエラ》リルラリルハ 歌ってみた ♪音羽ララ♪《ウタゴエ放送部》	リルラリルハ
J7WcpLFxyw0	《マジカルミライ》グリーンライツ・セレナーデ 歌ってみた ♪音羽ララ♪《Omoi先輩》	グリーンライツ・セレナーデ
nAVWzC-uXq0	《大塚愛》黒毛和牛上塩タン焼き680円 歌ってみた ♪音羽ララ♪《ブラックジャック ED》	大塚愛黒毛和牛上塩タン焼き680円
S_v8sZ8X3a0	《米津玄師》Lemon 歌ってみた ♪春歌みこと♪《アンナチュラル主題歌》	Lemon
7YlV6CtGkqQ	《2人でしっとり》星降る場所で  (up all night) 歌ってみた《音羽ララ ＆ 春歌みこと》	星降る場所で (up all night) (feat. Dazbee)
_JWc_4TL_e8	《ピクミン》愛のうた 歌ってみた ♪音羽ララ♪《懐かしの曲》	愛のうた
UWd97WkuqXo	《SAO 3期》ADAMAS 歌ってみた ♪春歌みこと♪《LiSA》	ADAMAS
bZFYFTAn0Iw	《YUI》LIFE 歌ってみた ♪音羽ララ♪《BLEACH 5th ED》	LIFE
-4oxhE8Mfzg	《VTuber》upd8参加の歌 歌ってみた ♪春歌みこと♪《ウタゴエ放送部》	upd8参加の歌
Qqb7BKRmL2s	《色づく世界の明日から》17才 歌ってみた ♪音羽ララ♪《ハルカトミユキ》	17才
Hc5Q7ktuAAM	《海獣の子供》海の幽霊 歌ってみた ♪春歌みこと♪《米津玄師》	海の幽霊
EN_ydAWVt2U	《ノゲノラ》This game 歌ってみた ♪春歌みこと♪《鈴木このみ》	This game
BbpsknFAi1o	《奇跡であふれて》アイネクライネ 歌ってみた ♪音羽ララ♪《米津玄師》	アイネクライネ
ut5JJg4ToMs	《ルキ先輩とララで》ようこそジャパリパークへ 歌ってみた《けものフレンズ》	ようこそジャパリパークへ
TPCXUKc7skk	《懐かし名曲》フレンズ 歌ってみた ♪音羽ララ♪	フレンズ
DGSwd-rx9Bg	《可愛くポップに》そばかす 歌ってみた ♪音羽ララ♪	そばかす
bzJ5TinEwzU	《とある愛世》モザイクロール 歌ってみた ♪音羽ララ♪	モザイクロール
NBKpPmBZDzs	《エヴァ》魂のルフラン 歌ってみた ♪音羽ララ♪	魂のルフラン
qyq0tIgdfys	《デジモン》Butter-Fly 歌ってみた ♪音羽ララ♪	Butter-Fly
nxkk6VGSYxE	《声を枯らして》Just Be Friends 歌ってみた ♪音羽ララ♪	Just Be Friends
69nGHjYeFQ0	《ボカロ名曲》千本桜 歌ってみた ♪音羽ララ♪	千本桜
XAGQtGb7sVY	《ぴぽぱぽ》ハッピーシンセサイザ 歌ってみた ♪音羽ララ♪	ハッピーシンセサイザ
2A7rZIjlC4k	《踊り付き》マトリョシカ 歌ってみた ♪音羽ララ♪	マトリョシカ
TY3OwbGELEQ	《SAOその3》crossing field 歌ってみた ♪音羽ララ♪	crossing field
mqxDstnw5qQ	《操ってよ》からくりピエロ 歌ってみた ♪音羽ララ♪	からくりピエロ
pZ9_d0uplTs	《恋しちゃったんだ》CHE.R.RY 歌ってみた ♪音羽ララ♪	CHE.R.RY
pnyujuOcjDE	《メーデー》ゴーストルール 歌ってみた ♪音羽ララ♪	ゴーストルール
B3hdPCixvVg	《SAOその2》INNOCENCE 歌ってみた ♪音羽ララ♪	INNOCENCE
lT32NkU89Pg	《早口がんばった》ドラマツルギー 歌ってみた ♪音羽ララ♪	ドラマツルギー
1gcbLH67LfA	《ララサンタより》クリスマスソング 歌ってみた ♪音羽ララ♪	クリスマスソング
6RN3KlYcIyg	《時かけ》ガーネット 歌ってみた ♪音羽ララ♪	ガーネット
YzFKmvsTaCY	《大好きだって言うため》いーあるふぁんくらぶ 歌ってみた ♪音羽ララ♪	いーあるふぁんくらぶ
GC-TqiyCa0E	《アイちゃん先輩へ》future base 歌ってみた ♪音羽ララ♪	future base
gA_BlsjcgxU	《upd8参加》愛言葉Ⅲ 歌ってみた ♪音羽ララ♪	愛言葉Ⅲ
WAsATIl_ohE	《心臓を投げたのだ》メリュー 歌ってみた ♪音羽ララ♪	メリュー
-g2BqC0SRP8	《EGOIST》Ghost of a smile 歌ってみた ♪音羽ララ♪	Ghost of a smile
9_tZkZ0-PXM	《初ボカロ》ロキ 歌ってみた ♪音羽ララ♪	ロキ
4H87N0osHoY	《猫の恩返し》風になる 歌ってみた ♪音羽ララ♪	風になる
ua08T2VC0j4	《まどマギ》コネクト 歌ってみた ♪音羽ララ♪	コネクト
4z4i-xJum8E	《SAO》Catch the Moment 歌ってみた ♪音羽ララ♪	Catch the Moment
OdnL3G0BOMs	《憧れの人》未練レコード 歌ってみた ♪音羽ララ♪	未練レコード
7V7L-9kECME	《一緒に踊ろ♪》気まぐれロマンティック 歌ってみた ♪音羽ララ♪	気まぐれロマンティック
0d030mevPYA	《蕩れ》君の知らない物語 歌ってみた ♪音羽ララ♪	君の知らない物語
5l0Vypq1les	《ずっとなかよし》secret base ～君がくれたもの～ 歌ってみた ♪音羽ララ♪	secret base ～君がくれたもの～
aGBVp0DxBHM	《初投稿》ふわふわ時間 歌ってみた♪音羽ララ♪	ふわふわ時間
w6IgnKR3LHY	命のユースティティア - Neru / covered by ココツキ【歌ってみた】【MV】	命のユースティティア
Pl85zCoxabg	秒針を噛む - ずっと真夜中でいいのに。 / covered by ココツキ【歌ってみた】【MV】	秒針を噛む
umHhriJ8n7U	ヒバナ -  DECO*27/covered by ココツキ【歌ってみた】	ヒバナ
QgouH0x07_Y	【女性2人で】心做し/covered by ココツキ【歌ってみた】(kokoronashi)	心做し
aQG-qc9YdTc	【女性2人で】3月9日 - レミオロメン/covered by ココツキ【歌ってみた】【オリジナルMV】	3月9日
mVVGhAjsKa4	ロキ - みきとP / covered by ココツキ【歌ってみた】【オリジナルMV】	ロキ
8c68uV-MqEw	ゴーストルール - DECO*27/covered by ココツキ【歌ってみた】	ゴーストルール
RKpkYwiHKXQ	メリュー/covered by ココツキ【歌ってみた】	メリュー
ARTtJf3dp08	命のユースティティア/covered by ココツキ【ニコニコ超会議ver】【歌ってみた】	命のユースティティア
p5Ak71L6QVU	ヒバナ - DECO*27/covered by ココツキ【ニコニコ超会議ver】【歌ってみた】	ヒバナ
9VKKxPkG27g	グリーンライツ・セレナーデ/covered by ココツキ【歌ってみた】 (マジカルミライ)	グリーンライツ・セレナーデ
0xO-JLSnVdY	バレリーコ - みきとP/covered by ココツキ【歌ってみた】【オリジナルMV】	バレリーコ
e7sQxNEm6mo	カワキヲアメク - 美波 / covered by ココツキ【歌ってみた】	カワキヲアメク
gZFraC_DgLA	アンドロイドガール - DECO*27/covered by ココツキ【歌ってみた/踊ってみた】	アンドロイドガール
JAqFUv0ZZlM	アイのシナリオ/covered by ココツキ【歌ってみた】	アイのシナリオ
qSFnc7SHnmM	マリーゴールド - あいみょん/covered by ココツキ【歌ってみた】	マリーゴールド
9J9hRbYRt8o	心に穴が空いた - ヨルシカ/covered by ココツキ【歌ってみた】	心に穴が空いた
qYtSAgxr7YI	極楽浄土 - GARNiDELiA / covered by ココツキ【歌ってみた/踊ってみた】(Gokuraku Jodo)	極楽浄土
sl677BZ80TY	命に嫌われている。 - カンザキイオリ/covered by ココツキ【二人で歌ってみた】	命に嫌われている。
ZPNM8XRaYyk	六兆年と一夜物語 - KEMU VOXX/covered by ココツキ【歌ってみた】	六兆年と一夜物語
9OMrN0Of5g4	glow - keeno/covered by ココツキ【歌ってみた】	glow
AzyWRwAShis	夜咄ディセイブ - じん / covered by ココツキ【歌ってみた】	夜咄ディセイブ
ZHy6zemNFlQ	プライド革命 - CHiCO with HoneyWorks/covered by ココツキ【歌ってみた】	プライド革命
ZjNsHd9lLaw	劣等上等 - Giga feat.鏡音リン・レン covered by ココツキ【歌ってみた/踊ってみた】	劣等上等
VOX1V58jY_s	クリスマスソング - back number / covered by ココツキ【歌ってみた】	クリスマスソング
nspVuQwfGUc	心拍数♯0822 - 蝶々P / covered by ココツキ【歌ってみた】	心拍数♯0822
5qJza4xwVVI	only my railgun - fripSide / covered by ココツキ【歌ってみた】 (とある科学の超電磁砲)	only my railgun
gJbvgoYB4rw	ハッピーシンセサイザ - Easy Pop / covered by ココツキ【3人で歌ってみた/踊ってみた】	ハッピーシンセサイザ
gWI-VUdZJTs	【マクロスF】ダイアモンドクレバス - シェリル・ノーム starring May'n 歌ってみた by ココツキ	ダイアモンドクレバス
kpKZWJcMvZA	ストリーミングハート - DECO*27/covered by ココツキ【歌ってみた】	ストリーミングハート
ZbHh_SEVY5k	VORACITY - MYTH&ROID/covered by ココツキ【歌ってみた】アニメ「オーバーロードⅢ」オープニングテーマ	VORACITY
IBp1y0CXUks	拝啓ドッペルゲンガー - KEMU VOXX/covered by ココツキ【歌ってみた】	拝啓ドッペルゲンガー
eyJkLKYGaoU	【オリジナル曲】内緒のモンスター【周防パトラ / ハニスト】	内緒のモンスター
0Sy_VDoJyrI	【ハニスト】Happy Halloween 歌ってみた/HoneyStrap（周防パトラ・島村シャルロット・西園寺メアリ・堰代ミコ）【周防パトラ / ハニスト】	Happy Halloween
6As9AIORorw	【歌ってみた】堰代ミコ×周防パトラ　アニメ「ダンベル何キロ持てる？」OPお願いマッスル歌ってマッスルになろう！【周防パトラ / ハニスト】	お願いマッスル
GHKuqM46Z6Y	【オリジナル曲】ラムネ色クレーター/夏の思い出にしてね。【周防パトラ / ハニスト】	ラムネ色クレーター
8v1odnlanHM	【ハニストオリジナル曲】来たれ！甘い組【周防パトラ / ハニスト】	来たれ！甘い組
s8GMS1vFGyg	【オリジナル曲】レインボーバルーン【周防パトラ / ハニスト】	レインボーバルーン
HXeLjafak8s	【ライブでコールしよう♪】はにーちょこぱるふぇ～HNSTすぺしゃる～【周防パトラ / ハニスト】	はにーちょこぱるふぇ～HNSTすぺしゃる～
KDX2CeeWHVM	【オリジナル曲】ハートサーモグラフィー【周防パトラ / ハニスト】	ハートサーモグラフィー
Nk1jpG-ArCk	【クリスマスソング】HoneyChristmas【 ハニーストラップオリジナルソング】	HoneyChristmas
_a-rtXz3ygw	【オリジナル曲】シュガシュガ❤でびるず【堰代ミコ×周防パトラ / ハニスト】	シュガシュガ❤でびるず
1Iesadviuuo	【オリジナルソング】イヤイヤちゃんのうた【周防パトラ / ハニスト】	イヤイヤちゃんのうた
uxERYpcGIFs	【ハニスト全員コラボ】Honey Halloween歌ったよ！【 ハニーストラップオリジナルソング】	Honey Halloween
BIpYGhztCC4	【ざわ・・ざわ・・】颯爽と走るトネガワ君歌ってみた【周防パトラ / ハニスト】	颯爽と走るトネガワ君
NkPRsZh6wDo	【全部パトラ】カノンで肉食べたい歌ってみた【周防パトラ / ハニスト】	カノン
T5o7-9Bc_-g	【オリジナルソング / Vtuberの歌】ぶいちゅっばの歌作って歌ってみた♪【周防パトラ / ハニスト】	ぶいちゅっばの歌
mkjBx9kx7N4	【全美兎】シュガーソングとビターステップ歌ってみたらオリオンをなぞるになった【周防パトラ / ハニスト】	シュガーソングとビターステップ
71D8RTud9XU	あいあむなんばーわん！パトラちゃん様！  オリジナルソングつくって歌ってみた【周防パトラ / ハニスト】	あいあむなんばーわん！パトラちゃん様！
mj0MDD7G6rA	【歌ってみた】よっぱっぱの歌　オリジナル　作詞作曲:西園寺メアリ　編曲:周防パトラ【西園寺メアリ / ハニスト】	よっぱっぱの歌
usVldvvMJN0	【歌ってみた】YuNi / 透明声彩  ハニストで歌いました♪	透明声彩
vfwkTducvTo	【オリジナル曲】メアリサンバ　(short ver.)【西園寺メアリ / ハニスト】	メアリサンバ
LXw1wXPQH0E	【歌ってみた】Lemon / 米津玄師【島村シャルロット / ハニスト】	Lemon
8FscmQRU5mY	【歌ってみた】惑星ループ / 島村シャルロット ＆堰代ミコ【ハニスト】	惑星ループ
DQKwOFsLILw	「黄色いラビリンス」因幡はねるオリジナルソング (short ver.)【因幡はねる / あにまーれ】	黄色いラビリンス
4Pj3Xur2kGU	ハロ／ハワユ (hello / How are you) を50,000人記念に歌ってみたよ【因幡はねる / あにまーれ】	ハロ／ハワユ
vkv2Zympksg	おねがいダーリン 歌ってみたよ【因幡はねる / あにまーれ】	おねがいダーリン
j25TO8dJopI	【ねるらん】こちら、幸福安心委員会です。/うたたP 歌ってみたよ【因幡はねる＆日ノ隈らん / あにまーれ】	こちら、幸福安心委員会です。
zuvwNhqXG9w	角田信朗の「よっしゃあ漢唄」を歌ってみたよ【因幡はねる / あにまーれ】	よっしゃあ漢唄
tvTf6vlifSk	「わ～るどぴくにっく」オリジナル曲(short ver.)【日ノ隈らん / あにまーれ】	わ～るどぴくにっく
-6d_pAK14eg	ハム太郎とっとこうた　歌ってみた【日ノ隈らん / あにまーれ】	ハム太郎とっとこうた
JLVT9TmMVps	【アレンジver】天気の子／RADWIMPS「グランドエスケープ」／Covered by 宗谷いちか【歌ってみた】	グランドエスケープ
q9ByzUd5bdY	米津玄師 「Flamingo」／Covered by 宗谷いちか【歌ってみた】	Flamingo
Ltfyza8DPvk	美波「カワキヲアメク」 ／Covered by 宗谷いちか【歌ってみた】	カワキヲアメク
3ghKacUpikE	「君と未来」オリジナル曲(short ver.)【宗谷いちか / あにまーれ】	君と未来
loP1wX6uq-o	【アコギver】Official髭男dism - Pretender／Covered by 宗谷いちか【歌ってみた】	Pretender
owU3o76peNI	ドラマツルギー - ふくやマスター MV	ドラマツルギー
mjchzZevEv4	【たみー×ぴろぱる×ふくやマスター】イこうぜ☆パラダイス【cover】	イこうぜ☆パラダイス
XVHgpUIpt8A	Vtuberがイケボで歌う スキマスイッチ / 奏(かなで)	奏
DPaCWBtF5b0	【VTuberが歌う】3月9日 / レミオロメン (covered by ぴろぱる＆ふくやマスター)	3月9日
MWhK0JbTgZ0	Vtuberがイケボで歌う シュガーソングとビターステップ/UNISON SQUARE GARDEN	シュガーソングとビターステップ
SGGqhl87Ke4	バーチャルねこ音楽コラボ月間#05 /Voice feat. ふくやマスター	Voice feat. ふくやマスター
K4nNQqCOnKw	月島きらり「バラライカ」　ふくやマスター	バラライカ
JZXWBUUFEgc	「#チャンネル登録だけでいいんです」ふくやマスターver.	#チャンネル登録だけでいいんです
u_-NZ9L3Tis	メーベル / バルーン　ふくやマスター	メーベル
9eBYCC4M2IA	Vtuberがイケボで歌う 丸の内サディスティック/椎名林檎	丸の内サディスティック
lKA0bvGHS2k	米津玄師 「Flamingo」　福山雅治	Flamingo
K7xAGW_QHWE	米津玄師 「ピースサイン」福山雅治	ピースサイン
yPWEHrN96J4	米津玄師 「Lemon」　福山雅治	Lemon
FXGQEaF921w	米津玄師 LOSER　福山雅治	LOSER
uXeIVN_-zsw	Official髭男dism - イエスタデイ　  福山雅治？！	イエスタデイ
MteKiTF9zBk	【弾き語り】「一般男性脱糞シリーズ」弾いてみた【ゆゆうた】　  福山雅治？！	一般男性脱糞シリーズ
6pj08neNrnc	初音ミク「メルト」 福山雅治？！	メルト
AaBYl1t9rwc	TVアニメ『がっこうぐらし！』OPテーマ「ふ・れ・ん・ど・し・た・い」 福山雅治？！	ふ・れ・ん・ど・し・た・い
eoDr94iEt2w	異種族レビュアーズ「イこうぜ☆パラダイス」　cover福山雅治？！	イこうぜ☆パラダイス
jem9zbUOz0w	King Gnu - Teenager Forever　福山雅治？！	Teenager Forever
FDpmz2O96ac	Official髭男dism - Pretender 福山雅治？！	Pretender
vu5QsLc5Umo	ＴＶアニメ 「Ｄｒ．ＳＴＯＮＥ」三原色　福山雅治？！	三原色
Wh5L2QDPA5E	ベノム／かいりきベア feat.flower ふくやマスター	ベノム
oUarpH8ZC10	King Gnu - 白日  (福山雅治？！)	白日
NPx_HIm1w_Y	LiSA - 紅蓮華 /福山雅治？！　THE FIRST TAKE cover - 鬼滅の刃OP	紅蓮華
VVcXQ1a8v7U	恋愛サーキュレーション　福山雅治？！	恋愛サーキュレーション
aLTLPMDdTFY	[びじゅチューン！] 何にでも牛乳を注ぐ女 | NHK 福山雅治？！	何にでも牛乳を注ぐ女
Bx3Ay2eauj4	TVアニメ『けものフレンズ』主題歌「ようこそジャパリパークへ / どうぶつビスケッツ×PPP」　 福山雅治	ようこそジャパリパークへ
YK7PhFSK9Q8	ふくやマスターがデリヘル呼んだら君が来てしまった	デリヘル呼んだら君が来た
Th6sfX5n0EA	米津玄師 「海の幽霊」Spirits of the Sea 福山雅治	海の幽霊
wZGq69l8lXQ	ヨルシカ - ノーチラス 福山雅治	ノーチラス
QUj9YaWzAOs	米津玄師 MV「パプリカ」Kenshi Yonezu / Paprika　cover福山〇治	パプリカ
B1g_K0k8W5Q	泡沫夢幻 -ふくやマスター【朝ノ瑠璃】	泡沫夢幻
foUOO3f4ozM	【MV】劣等上等-ふくやマスター【Giga】	劣等上等
7L2bhOzgh40	だから僕は音楽を辞めた-ふくやマスター【ヨルシカ】	だから僕は音楽を辞めた
PqflPRPLPuk	【MV】妄想感傷代償連盟 -ふくやマスター【deco*27】	妄想感傷代償連盟
npcYr_1XBY8	【MV】惑星ループ 歌ってみた -ふくやマスター【ナユタン星人】	惑星ループ
ScV7IIcA3lg	愛にできることはまだあるかい-ふくやマスター【RADWIMPS】	愛にできることはまだあるかい
eEGk-IrqcNk	【MV】ロキ 歌ってみた -ふくやマスター【みきとP】	ロキ
Lkm7qY3sohc	【MV】ドーナツホール 歌ってみた -ふくやマスター【ハチ】	ドーナツホール
fwkl1Zmu1P0	【MV】テレキャスタービーボーイ-ふくやマスター【すりぃ】	テレキャスタービーボーイ
O0a0GudOO5A	【MV】シュガーソングとビターステップ　-ふくやマスター	シュガーソングとビターステップ
6iaY6s1opSU	【MV】ファンサ／mona-ふくやマスター【HoneyWorks】	ファンサ
8-HGEgZfluc	【MV】乙女解剖 -ふくやマスター【DECO*27】	乙女解剖
r_qziz4sBGg	【福山雅治激似？！】今夜このまま-ふくやマスター【あいみょん】	今夜このまま
0kgaPZvuZCQ	【福山雅治激似？！】丸の内サディスティック-ふくやマスター【椎名林檎】	丸の内サディスティック
hgFffmA_95M	【福山雅治激似？！】「世話やきキツネの仙狐さん」OP歌ってみた -ふくやマスター【今宵mofumofu!!】	今宵mofumofu!!
ACxGhtKRpfc	【MV】Winter Berry-ふくやマスター【YuNi】	Winter Berry
3MXBbbnY-ZQ	【福山雅治激似？！】チカっとチカ千花っ♡ 歌ってみた-ふくやマスター【かぐや様は告らせたい】	チカっとチカ千花っ♡
SiWOSnK4reo	【アオ×Wまつり×ひいろ×マスター】未完成ガールズハート【歌ってみた】	未完成ガールズハート
kbkRMslwJ9A	【MV】シャルル -ふくやマスター【バルーン】	シャルル
Mq4aFcG2yaE	【MV】ダンスロボットダンス - ふくやマスター【ナユタン星人】	ダンスロボットダンス
F4hDMy2NbBM	【１周年記念】#しゅきしゅきぴっぴっぴ♡（#SSPPP）【オリジナル曲】	#しゅきしゅきぴっぴっぴ♡
2EWuKdwyf58	【MV】ダダダダ天使 歌ってみた【ホワイトデーだし】	ダダダダ天使
QrqK-6XNPzI	【悪戯するぞ】trick and treat　歌ってみた【千草はな・塩天使リエル】	trick and treat
pAZuhdTqObI	#03【歌ってみた】残酷な天使のテーゼ Covered by 塩天使リエル【新世紀エヴァンゲリオン】	残酷な天使のテーゼ
pidjC1NpEN4	#09【歌ってみた】 コレサワ / みゆはん「恋人失格」Covered by 塩天使リエル	恋人失格
cNuDfDcFM2A	【天気の子】RADWIMPS / 愛にできることはまだあるかい Covered by 塩天使リエル【歌ってみた】	愛にできることはまだあるかい
8AJLZPC9IMc	#12 【女性が歌う】手首からマンゴー/たかやん Covered by 塩天使リエル【Vtuber】	手首からマンゴー
CNLlPkNsRiM	#07【back number】わたがし Covered by 塩天使リエル【歌ってみた】	わたがし
jhSJwsauuA4	#11【オリジナルMV】フラレガイガール / さユり・野田洋次郎【塩天使リエル】	フラレガイガール
EA88quPNPO8	#06【歌ってみた】メルト / ryo (supercell) × やなぎなぎ  covered by 塩天使リエル	メルト
KOVuuCV0rx8	#08【歌ってみた】たばこ / コレサワ【塩天使リエル】	たばこ
PqIGzlKMAXA	【天使の日記念】ダダダダ天使 / ナナヲアカリ【塩天使リエル】	ダダダダ天使
GVvds6IGSN4	【オリジナルMV】チョコレイト・ディスコ Covered by 塩天使リエル/森永みう【歌詞付】	チョコレイト・ディスコ
AyNHzZo_xgw	【 ASMR House 】ぱすたすきゃっと【 歌ってみた 】	ぱすたすきゃっと
vqOfd4tXB7c	【わたてんOP歌ってみた】気ままな天使たち【戸越にあそ部が舞い降りた！】	気ままな天使たち
CkHWFxL9Rec	【君への愛を込めて】#ffff66 -UnMellow Yellow-【オリジナルコラボ曲】	#ffff66 -UnMellow Yellow-
Qv5tmvw4AP4	妄想感傷代償連盟【歌ってみた】	妄想感傷代償連盟
kjTp0ZeitC8	【初歌みた】宿屋のバブみ看板娘が『さよなら、花泥棒さん』歌ってみた【リシア・キララ】	さよなら、花泥棒さん
DJVgU0B2Ohw	【chocolate box】ミギナナメ女子メンバーで歌ってみた	chocolate box
Y2-61V55ze8	【Good-bye days】ヨルタマリで呑みながら歌うちゃんまり	Good-bye days
3G4yOWuarik	小さな恋のうたを呑みながら歌うちゃんまりwithパンディ	小さな恋のうた
B3RHSXKMrbQ	【千本桜】ヨルタマリで呑みながら歌うちゃんまり	千本桜
RzUkRU69S9g	【カントリー・ロード】ヨルタマリで呑みながら歌うちゃんまり	カントリー・ロード
DPzQoJLL6Rs	【ミス連発？！】全力少年をヨルタマリで呑みながら歌うちゃんまり	全力少年
LYWs7LLSKjI	Rainを呑みながら歌ってみた	Rain
fwHqJ7j1Gi8	Memoriesを呑みながら歌ってみた【ちゃんまり】	Memories
vctvtYUnuD8	【感情を込めて】366日をヨルタマリで歌ってみた	366日
ImeCWwDEjug	メルトをヨルタマリで呑みながら歌うちゃんまり	メルト
ArvpclUgJpY	魂のルフランを歌ってみた【ヨルタマリ】	魂のルフラン
O_joR7YDzDc	「少年よ,神話になれ！」  残酷な天使のテーゼを呑みながら歌ってみた	残酷な天使のテーゼ
8C9spoB82A4	【初恋サイダー】を呑みながら歌ってみた	初恋サイダー
7Te_vjWCuMI	【七夕】小さきものを呑みながら歌ってみた。	小さきもの
TxEaERpuUDA	コールボーイ/歌衣メイカ（cover）	コールボーイ
KzvyWAu-5KA	オートファジー/歌衣メイカ（cover）	オートファジー
Pg2qrAFfIBA	エバ/歌衣メイカ（cover）	エバ
Ki7jESlqSpQ	ロキ/歌衣メイカ【歌ってみた】	ロキ
sA2Fhh7IURk	HIMEHINA『ヒバリ』cover/歌衣メイカ	ヒバリ
ZI3vAkSkl7c	い〜やい〜やい〜や／メイカ×イツミ【歌ってみた】	い〜やい〜やい〜や
zIz0JGKA8fE	【母と歌う】ハナミズキ / 一青窈 歌ってみた【#歌衣メイカ】	ハナミズキ
GgMXAxG2AJ0	乙女解剖/Cover【#歌衣メイカ】	乙女解剖
CSxrqkBpjFo	ぼっちぼろまる - タンタカタンタンタンタンメン (cover.歌衣メイカ)	タンタカタンタンタンタンメン
TQy9-98k-ng	ビターチョコデコレーション cover/歌衣メイカ	ビターチョコデコレーション
pxGXHpFF_SI	【Vセッション】リスキーゲーム	リスキーゲーム
L4ZmeH5p0js	プロトディスコ / 歌衣メイカ【歌ってみた】	プロトディスコ
0BwcenPm1M0	ナンセンス文学　歌ってみた【歌衣メイカ】	ナンセンス文学
A0kifiCEVGg	【Official Music Video/MV】虹河ラキ×TOKYOWAVE! Feat.Neko Hacker第4弾「スタンバイ 」	スタンバイ
KFA9VOpquUc	【歌ってみた/VTuber】ロキ covered by 虹河ラキ	ロキ
1xV1rS0izns	【Official Music Video/MV】虹河ラキ×TOKYOWAVE! Feat.Neko Hacker「ほしがふるよる 」	ほしがふるよる
BQB6TAPGjUs	【歌ってみた/VTuber】シャルル covered by 虹河ラキ	シャルル
DJlMpKiDTqY	【Official Music Video/MV】虹河ラキ×TOKYOWAVE! Feat.Neko Hacker「てをつなごう」	てをつなごう
0SU--Oo5imc	「惑星ループ」歌ってみた【虹河ラキ】	惑星ループ
HxnaBlZUd38	「青い栞」（Arranged by yuigot） ショートver「IMAGINATION vol.1」より【虹河ラキ】	青い栞
qnFbT7FOmkw	「もろびとこぞりて」歌ってみた【虹河ラキ】	もろびとこぞりて
A9Ah8ml6TzU	「Joy to the world」歌ってみた【虹河ラキ】	Joy to the world
Fn9YxucRNOc	【歌ってみた】「時計仕掛けの夢」【虹河ラキ/VTuber】	時計仕掛けの夢
T39QLAMhruI	#26 「君の知らない物語」｜歌ってみた【虹河ラキ/VTuber】	君の知らない物語
SHj8NXEedSM	【歌ってみた】東京テディベア【渋谷ハル/VTuber】	東京テディベア
0q2yLI3Trbg	【歌ってみた】帝国少女【渋谷ハル/VTuber】	帝国少女
I5U8dhGbxZg	【歌ってみた】プロトディスコ【渋谷ハル/VTuber】	プロトディスコ
R-f_ENGLemk	【花牟礼ちなき】セツナトリップ歌ってみた	セツナトリップ
W79lJtcXyHw	【Vtuber3人で】Happy Halloween歌ってみた	Happy Halloween
Cj5Qh1NrI-Y	Little Flower / DELA【オリジナルMV】	Little Flower
f1eo1EteMqM	お願いマッスル　歌ってみた【Covered by デラ×ハド】	お願いマッスル
Hhtap6R_2WA	未来景イノセンス/Miraikei Innocence (Covered by DELA)	未来景イノセンス
OLw-zVMCff8	地球をあげる/This Earth, For You(Covered by DELA)	地球をあげる
tTseeHz6dkY	ETERNAL WIND〜ほほえみは光る風の中〜（Covered by DELA）	ETERNAL WIND〜ほほえみは光る風の中〜
L-NiQ7lx7dk	シャルル (English Covered by DELA)	シャルル
Vm83uFymhBw	【オリジナル曲】Reincarnate【歌ってみた】	Reincarnate
debC9wKz2vk	デラ 「Another Destination」TVsize ／ YT系アニメ「DELA&HADOU」OP主題歌【オリジナル曲MV】	Another Destination
HCEIuHUd_fk	【歌ってみた】君が夜の海に還るまで covered by 花譜	君が夜の海に還るまで
CraT4XYROZs	【歌ってみた】イヤホンと蝉時雨 covered by 花譜	イヤホンと蝉時雨
OcGhtS13eLs	【歌ってみた】雨き声残響 covered by 花譜	雨き声残響
aHYhNEmooEM	【歌ってみた】インタビュア covered by 花譜	インタビュア
2VpGmUQM37A	【歌ってみた】カフネ covered by 花譜	カフネ
Kua1ye-H20Y	【歌ってみた】ポワソン・ダヴリルについて covered by 花譜	ポワソン・ダヴリルについて
SQLMMDYj6D0	【歌ってみた】ショパンと氷の白鍵 covered by 花譜	ショパンと氷の白鍵
0OJS3fy7Jy8	【歌ってみた】美しく、闇 covered by 花譜	美しく、闇
lUg_MOA8nZQ	【歌ってみた】嗤うマネキン covered by 花譜	嗤うマネキン
KYbULJesBpA	【歌ってみた】さようなら、花泥棒さん covered by 花譜	さようなら、花泥棒さん
gWQBHbfzlxU	【歌ってみた】6900000000 covered by 花譜	6900000000
wbaYN3DHyfY	【歌ってみた】粉雪 covered by 花譜	粉雪
NVtRbOdu3eg	【歌ってみた】ミッドナイト清純異性交遊 covered by 花譜	ミッドナイト清純異性交遊
UMv4Idm_8sY	【歌ってみた】おやすみ泣き声、さよなら歌姫 covered by 花譜	おやすみ泣き声、さよなら歌姫
1R6ZuIhc7Ig	【歌ってみた】きみがいいねくれたら covered by 花譜	きみがいいねくれたら
kLLP033jBs8	【歌ってみた】生きていたんだよな covered by 花譜	生きていたんだよな
01RT3eeeEWk	【歌ってみた】透明少女 covered by 花譜	透明少女
N5hInoyU-WY	花譜　#33 「命に嫌われている（Prayer Ver.）」【オリジナルMV】	命に嫌われている
J4Dqh-85GPg	【歌ってみた】愛にできることはまだあるかい covered by 花譜	愛にできることはまだあるかい
0h0eBUV6rJA	【歌ってみた】捧げたい covered by 花譜	捧げたい
WikNe1NlgqI	【歌ってみた】プラスティック・ラブ covered by 花譜	プラスティック・ラブ
9orupK2mjMY	【歌ってみた】告白 covered by 花譜	告白
qxYK4e_KlF0	【歌ってみた】忘れたいことばっかだ covered by 花譜	忘れたいことばっかだ
abD0dHg6MZY	花譜　#31 「ハミングがきこえる」【不可解エンドロールver.】	ハミングがきこえる
OXOWoRWTk6Q	【歌ってみた】うつくしいひと covered by 花譜	うつくしいひと
LRO_uhj_99E	【歌ってみた】死神 covered by 花譜	死神
FwZvMAYdqzE	【歌ってみた】神様 covered by 花譜	神様
UQpviOSrBa0	【歌ってみた】ダンスが僕の恋人 covered by 花譜	ダンスが僕の恋人
iD5ZCHjI5CU	【歌ってみた】フロントメモリー covered by 花譜	フロントメモリー
XeUbgKxopEw	【歌ってみた】ハミングがきこえる covered by 花譜	ハミングがきこえる
1kzZtRpoBGY	【歌ってみた】bin covered by 花譜	bin
w0a-sGEsmBc	【歌ってみた】白ゆき covered by 花譜	白ゆき
UqmEmohjbOE	【歌ってみた】少女レイ covered by 花譜	少女レイ
SbqrpHDEeUA	【歌ってみた】アストロノーツ covered by 花譜	アストロノーツ
miNyynR8cNY	【歌ってみた】シンクロサイクロトロン・スピリチュアライザー。 covered by 花譜	シンクロサイクロトロン・スピリチュアライザー。
5NMSH6piKZU	【歌ってみた】フラジール covered by 花譜	フラジール
KM8Jh3D3hgA	【歌ってみた】凍えそうだ covered by 花譜	凍えそうだ
R1Gph3qEijw	【歌ってみた】五月雨 covered by 花譜	五月雨
sHlNoBD_rj4	【歌ってみた】想像フォレスト covered by 花譜	想像フォレスト
R0BHfKV9ioI	【歌ってみた】打上花火 covered by 花譜	打上花火
SNapiB5_dx0	【歌ってみた】Lemon covered by 花譜	Lemon
i30TA3V527A	【歌ってみた】回る空うさぎ covered by 花譜	回る空うさぎ
3j0znl2cYAs	【歌ってみた】死んでしまったのだろうか covered by 花譜	死んでしまったのだろうか
6pEDTxHm-Ek	【歌ってみた】またねがあれば covered by 花譜	またねがあれば
y4sHBySTCzk	【歌ってみた】さよならミッドナイト covered by 花譜	さよならミッドナイト
jpwy7kP8Pps	【歌ってみた】猛独が襲う covered by 花譜	猛独が襲う
yaEIRyLkR_M	春猿火 #03 「逆転」 【オリジナルMV】	逆転
fqE19qwpEjM	春猿火 #04 「Lift Up」【オリジナルMV】	Lift Up
bYJb8jNi_LQ	【歌ってみた】魔女 RAP VERSION covered by 春猿火	魔女
kIyv9cVyl_c	【歌ってみた】命に嫌われている RAP VERSION covered by 春猿火	命に嫌われている
EX0DeTQ6dLI	【歌ってみた】愛があれば。 RAP VERSION covered by 春猿火	愛があれば。
4VAaYUX2eBE	【歌ってみた】空白 RAP VERSION covered by 春猿火	空白
eqlikxMZXws	【歌ってみた】replay RAP VERSION covered by 春猿火	replay
qdyOj8CAp4M	【歌ってみた】ANIMAる covered by 春猿火	ANIMAる
udDnk5rpWOU	【歌ってみた】ドロシー covered by 春猿火	ドロシー
11Hgr57Mkvc	【歌ってみた】ヲズワルド covered by 春猿火	ヲズワルド
50QZHfTV7RI	【歌ってみた】最後の晩餐 RAP VERSION covered by 春猿火	最後の晩餐
CUPO5G2UT4g	【歌ってみた】Twig RAP VERSION covered by 春猿火	Twig
Kz424oVx9_o	ヰ世界情緒 #03 「物語りのワルツ」【オリジナルMV】	物語りのワルツ
WeHvkBrgcpk	【歌ってみた】夜顔の告白 covered by ヰ世界情緒	夜顔の告白
wuDZ8ewPxjA	【歌ってみた】電脳歌姫ユメミスティック covered by ヰ世界情緒	電脳歌姫ユメミスティック
ScSYk12eCTk	【歌ってみた】V〈Re-birth version〉 covered by ヰ世界情緒	V
-2iHNgLJHk8	【歌ってみた】共感覚おばけ covered by ヰ世界情緒	共感覚おばけ
2bGvBLJDxpE	【歌ってみた】MACARON covered by ヰ世界情緒	MACARON
1qUYT3SLCWs	【歌ってみた】蜜月アン・ドゥ・トロワ covered by ヰ世界情緒	蜜月アン・ドゥ・トロワ
-YMutD4cY7M	【歌ってみた】レプリカ covered by ヰ世界情緒	レプリカ
kNhI0ryGn14	【歌ってみた】ALICE covered by ヰ世界情緒	ALICE
THyn-jQVg-c	【歌ってみた】約束 covered by ヰ世界情緒	約束
